1400062	‘|ศุภ|ณัฏฐ์|’|ยัน|ชัด|!|ผม|ไม่|ใช่|ฮีโร่|แม้|โขก|ทด|เจ็บ|พา|ทีม|แบ่ง|แต้ม|อิรัก	0
1400129	นุ่น|ตาม|เชียร์|ต๊อด|แข่ง|รถ|เสียดาย|แทน|อด|ได้|ที่|1|เพราะ|ประสบ|อุบัติเหตุ|(|คลิป|)	0
1400133	กิน|อร่อย|รับ|ลม|หนาว|ที่|เขา|ใหญ่	0
1400137	ปลุก|พลัง|สู้|!|'|กฤษ|ดา|'|เผย|นายก|สมาคม|ฯ|โทร|กำชับ|'|ช้าง|ศึก|'|ยู|-19|ห้าม|ใจฝ่อ	0
1400141	วุ่น|!|ทัวร์|เที่ยว|ฮอกไกโด|โปร|1|แถม|1|โดน|ลอยแพ|ไป|ได้|แค่|สุวรรณ|ภู	0
1400156	ลด|มัน|เลย|!!!!	0
1400168	ของว่าง|วัน|อาทิตย์|21/10/61	0
1400190	เมื่อ|เทคโนโลยี|มา|พร้อมกับ|ความ|รัก|"|หุ่นยนต์|อัจฉริยะ|"|จาก|ฮิ|ตา|ชิ	0
1400261	ไม่|พลาด|!|'|จีน|'|ขย้ำ|'|เนเธอร์แลนด์|' 3-0|ซิว|ที่|3|ลูกยาง|โลก|2018	0
1400326	สม|ราคา|คู่|ชิง|!!|'|เซอร์เบีย|'|เฉือน|'|อิตาลี|' 3-2|ผงาด|แชมป์|ลูกยาง|โลก|2018	0
1400390	สรุป|8|รางวัล|ผู้เล่น|ยอดเยี่ยม|ศึก|ลูกยาง|ชิง|แชมป์|โลก|2018	0
1400424	กุนซือ|ลูกยาง|อิตาลี|พูดถึง|เกม|พ่าย|เซอร์เบีย|ชวด|แชมป์|โลก|2018	0
1400446	แจ้ง|จับ|สาว|บริษัท|ทัวร์|ตุ๋น|ท่อง|แดน|ปลา|ดิบ|ก่อน|ปล่อย|ลอยแพ	0
1400454	สงสัย|ดี|เจ|สาว|ฆ่า|แมว|นำ|ไป|อุปการะ|เป็น|ศพ|สยอง	0
1400512	สรุป|อันดับ|ศึก|วอลเลย์บอล|หญิง|ชิง|แชมป์|โลก|2018	0
1400514	ระวัง|ขาดทุน	0
1400553	เข้าพรรษา|มา|สงบ|สุข|ทั้ง|กาย|วาจา|ใจ	0
1400570	โค้ช|หระ|หวัง|ขัน|แนว|รับ|ช้าง|ศึก|ยู|-19|ให้|แน่น|กว่า|เดิม|ก่อน|ดวล|ซามูไร	0
1400578	นายก|ส.|มวย|สุด|ปลื้ม|!|พร้อม|ดัน|‘|อธิ|ชัย|’|ล่า|โควตา|โอลิมปิก|2020	0
1400580	ยก|ระดับ|ชาติ|!|'|ฟอน|ซา|'|พร้อม|ดัน|บุคลากร|ไทย|สู่|องค์กร|กีฬา|โลก	0
1400586	ทิศทาง|หุ้น|22/10/61	0
1400620	ชาว|ประมง|บาง|สะพาน|เฮ|! '|แมงกะพรุนลอดช่อง|'|สร้าง|รายได้|งาม|3|พันบาทต่อวั	0
1400632	ขอบคุณ|ทุก|คน|!|‘|ชนา|คุง|’|ซู|ฮก|สปิริต|เพื่อน|ร่วม|ทีม|หลัง|เกม|เจ๊า|โช|นัน|ฯ|(|คลิป|)	0
1400637	‘|กร|วิชญ์|’|รับ|ต้อง|คม|กว่า|นี้|เพื่อ|พา|ช้าง|ศึก|ยู|-19|ลิ่ว|ชิง|แชมป์|เอเชีย	0
1400641	ประมวล|ภาพ|สาว|เซอร์เบีย|เถลิง|แชมป์|ลูกยาง|โลก|สมัย|แรก	0
1400654	สุดยอด|!|'|มาร์|เกซ|'|เข้า|เส้นชัย|ที่|ญี่ปุ่น|ผงาด|แชมป์|โลก|โม|โต|จีพี|สมัย|5	0
1400693	แสดง|ประสิทธิภาพ	0
1400700	ประมวล|ภาพ|‘|มาร์ค|มาร์|เกซ|’|คว้า|แชมป์|โลก|โม|โต|จีพี|2018	0
1400704	หนุ่ม|ชัยภูมิ|ซิ่ง|บิ๊ก|ไบค์|ชน|คัม|รี่|ที่|กลับ|รถ|กลาง|ลำ|ตายคาที่|รถเก๋ง|เจ็บ|2	0
1400956	รีวิว|ท่องเที่ยว|"|ดา|นัง|"|หรูหรา|ยุโรป|อิน|เอเชีย|ชิค|ชิล|ฟิน|ที่|"|ฮอย|อัน|"|ฉัน|หลง|เธอ	0
1400993	โพล|ชี้|“|เพ|จตู่|ดิจิทัล|”|หาเสียง|ล่วงหน้า	0
1401045	เปรียบเทียบ|อันดับ|ลูกยาง|ชิง|แชมป์|โลก|ปี|2018|กับ|ครั้ง|ที่แล้ว|ไทย|พัฒนา|ขึ้น	0
1401078	บุคคล|ใน|ข่าว|(|หน้า|4) 23/10/61	0
1401094	หนัง|ผี|ไทย|ขาย|ดี|ติดอันดับ|โลก	0
1401097	‘|เอ|กนิษฐ์|’|สะกิด|แข้ง|ช้าง|ศึก|ยู|-19|ระวัง|ความ|อันตราย|ของ|เมส|ซี|ญี่ปุ่น	0
1401181	'|เงือก|อุ้ม|'|เตรียม|รักษา|ตัว|หลัง|จบ|"|เจียง|ฮาย|เกมส์|"|หวัง|ลุย|โอลิมปิก|ก่อน|เลิก	0
1401222	สนทนา|กับ|ดารา|จำลอง	0
1401344	‘|ปู|ลปิส|’|หวัง|ใช้|ความเร็ว|บดขยี้|อุซ|เบ|ฯ|เกม|ส่งท้าย|ไทยแลนด์|ไฟว์	0
1401376	เซี้ยะ|!|ลักยิ้ม|พิฆาต|สาย|เอี๊ยม|เจิดจรัส|แจ่ม|แจ๋ว|จริ	0
1401382	โสมช|บา|จ๊ะ|จ๋า|23/10/61	0
1401422	แข้ง|ไทย|พ่าย|ญี่ปุ่น|1-3|ศึก|ยู|-19|เอเชีย|ต้อง|ไป|ลุ้น|เข้ารอบ|กับ|โสม|แดง	0
1401433	พี|ค|เกรงใจ|"|ต๊อด|"|งด|นุ่ง|สั้น|แอบ|เถียง|ตัว|เล็ก|ใส่|อะไร|ก็|ไม่|โป๊	0
1401434	'|ชัช|ซี่|'|บิน|ลัด|ฟ้า|แจม|BNK48|งาน|"2-shot"	0
1401509	พื้นฐาน|มั่นใจ|ที่|ต่าง|กัน	0
1401569	ศุภ|ณัฏฐ์|ไม่|ยกธงขาว|!!|ขอ|พา|'|ช้าง|ศึก|U19'|ไป|ฟุตบอล|โลก|ให้|ได้	0
1401624	มี|เพื่อน|แล้ว|นะ|!|ตบ|สาว|ญี่ปุ่น|เซล|ฟี่|กับ|'|บุ๋|มบิ๋ม|'|ชาว|ไทย|เมนต์|เพียบ	0
1401625	จบ|แล้ว|ปี|นี้|!|'|หัตถ|ยา|'|รับ|ยังคง|ตึง|แผล|หลัง|ผ่าตัด|อด|ไป|เล่น|อาชีพ|ที่|ญี่ปุ่น	0
1401661	สวย|ตะลึง|เค|อิ|โงะ|โต|เป็น|สาว|!|คว้า|รอง|M|Queen|ฯ|ม.|นเรศวร	0
1401701	'|ชัช|ชุ|​|อร|'|รับ|สุด|​|ตื่นเต้น|พบ|เพื่อน|ร่วม|ทีม|ใหม่|ก่อน|ลุย|ลีก|ญี่ปุ่น	0
1401741	โสมช|บา|จ๊ะ|จ๋า|24/10/61	0
1401810	มา|แล้ว|!|ยล|โฉม|'|น้อง|บุ๋|มบิ๋ม|'|กับ|ยูนิฟอร์ม|สโมสร|ลูกยาง|ชื่อดัง|ญี่ปุ่น	0
1402136	ตาม|เกม|ที่|‘|มโน|’|กัน|ได้	0
1402256	นักข่าว|ญี่ปุ่น|เป็น|อิสระ|แล้ว|หลัง|อัล|เค|ดา|จับ|เป็น|ตัว|ประกัน|ใน|ซีเรีย|นาน|3|ปี	0
1402341	ส.|ยิม|ฯ|มอง|ไกล|!|ส่ง|ดาวรุ่ง|ชุบตัว|อังกฤษ|หวัง|ผงาด|ซีเกมส์|อีก|ครั้ง	0
1402370	เก๋ง|เสียหลัก|ชน|ขอบทาง|ตีลังกา|หลาย|ตลบ|โค้ง|อันตราย|บาง|สะพาน|(|คลิป|)	0
1402429	น่ารัก|อะ|!|'|บุ๋|มบิ๋ม|'|สปีก|เจ|แปน|ระหว่าง|เปิด|ตัว|'|พี|ที|ยู|บลู|แคท|'|(|คลิป|)	0
1402480	แมท|เคลื่อนไหว|อิน|สตา|แกรม|ไม่|สน|ข่าวลือ|คบ|สงกรานต์|จน|โดน|ถล่ม|หนัก|!	0
1402485	เปิด|โปรโมชั่น|เอาใจ|สาว|ๆ|ขา|ช็อป|ของ|ถูก|ลด|ราคา|เพียบ	0
1402500	'|บิ๊ก|ป๊อก|'|ยัน|ไทย|นิยม|ฯ|ไร้|ปัญหา|พร้อม|เตรียม|ลง|ใต้|ถก|ขยะ|ล้น|สมุย|!	0
1402501	บุคคล|ใน|ข่าว|(|หน้า|4) 25/10/61	0
1402522	ใกล้|โผล่|แล้ว|ส่อง|NEW|MAZDA 3|2019|เตรียม|เปิด|ตัว|เร็ว|ๆ|นี้|!	0
1402529	เห็น|ภาพ|ใน|IG|สาว|เบล|ล่า|เปลื้อง|ผ้า|ลง|แช่|บ่อ|น้ำแร่|เสียดาย|ที่|หันหลัง|!	0
1402546	ข้าว|ส่งออก|นอก|ไตรมาส|สุดท้าย|สดใส|ออ|เดอร์|ทะลัก|มั่นใจ|ถึง|เป้า|11|ล้าน|ตัน	0
1402548	มา|แล้ว|!|เปิด|โปรแกรม|'|เน|ชันส์|ลีก|'|ทั้ง|5|วีก|ของ|'|ตบ|สาว|ไทย|'|ใน|ปี|2019	0
1402588	ราคา|ทองคำ|ถูก|คน|แห่|ซื้อ|ดัน|ยอด|นำเข้า|ทะลุ|3|แสน|ล้าน	0
1402662	ฮอกกี้|สาว|ไทย|ได้|เฮ|!|คว้า|ตั๋ว|ลุย|ศึก|เวิลด์|ลีก|ครั้ง|แรก|ใน|ประวัติศาสตร์	0
1402682	'|กรณ์|'|ไม่|แปลกใจ|ญี่ปุ่น|เมิน|ร่วม|ทุน|ไฮ|สปีด|เทรน|4|แสน|ล้าน|แนะ|ทำ|ราง|รถไฟ|คู่	0
1402710	'|บิ๊ก|ตู่|'|สั่ง|'|พณ.|-|กษ.|'|เคลียร์|ปม|สหรัฐ|ฯ|สั่ง|แบน|น้ำปลา|ไทย|!	0
1402750	'|คา|ชิ|มา|'|บุก|เจ๊า|3-3|รวม|2|นัด|ชนะ|6-5|เข้า|ชิง|เอ|เอฟ|ซี|แชม|เปียนส์|ลีก	0
1402754	เปิด|ภาพ|ล่าสุด|!!|'|นุ|ศรา|ต้อม|คำ|'|หลัง|ตัดผม|สั้น|ใน|รอบ|หลาย|ปี	0
1402792	ตร.|บุก|ยึด|หนังสือ|ลัทธิ|รุนแรง|แดน|อาทิตย์|อุทัย|จาก|ห้อง|พัก|'|ดี|เจ|ซัน|'	0
1402893	‘|ดี|เจ|ซัน|’|เครียด|เบี้ยว|พบ|ตำรวจ	0
1402938	พาณิชย์|เผย|ข้าว|ไทย|ส่งออก|ฉลุย	0
1402970	ตุรกี|แพร่|คลิป|ยืนยัน|นักข่าว|ญี่ปุ่น|เป็น|อิสระ|แล้ว|หลัง|ถูก|จับ|ใน|ซีเรีย|3|ปี|(|คลิป|)	0
1402978	นักวิ่ง|ญี่ปุ่น|ขา|หัก|ไม่|ถอนตัว|คลาน|เข่า|จน|เลือด|อาบ|ส่ง|ผ้า|ผลัด|ให้|เพื่อน|(|คลิป|)	0
1403046	เซ็ง|กัน|ยาว|ๆ	0
1403077	รถไฟ|ความเร็ว|สูง|เรา|จะ|ต้อง|ใช้|หนี้|ไป|อีก|100|ปี	0
1403092	แมตช์|ผี|บอก|:|“|ทีมชาติ|มา|แล้ว|”	0
1403125	สิ้นสุด|การ|รอคอย|!|แอปเปิล|สโตร์|ไอคอน|สยาม|ได้ฤกษ์|เปิด|10|พ.ย.|นี้	0
1403162	ยัง|ไม่|พบ|ใคร|ร่วม|ขบวนการ|ดี|เจ|ซัน|สงสัย|ฆ่า|ควัก|ไส้|แม	0
1403212	เคล็ดลับ|ความ|งาม|!|ดูแล|ตัวเอง|ใน|แบบฉบับ|3|สาว|BNK48	0
1403220	ฮิว|มา|นอยด์|HRP–5P|หุ่นยนต์|ก่อสร้าง|ทำงาน|ได้|ทรง|พลัง	0
1403314	เปิด|ปูม|หลัง|‘|ดี|เจ|ซัน|’|ฆ่า|แมว|เพื่อน|สนิท|เผย|ธาตุ|แท้|นิสัย	0
1403336	มา|ดู|กับ|มาดาม|:|“Homestay”|รางวัล|ชีวิต|ที่|ยิ่งใหญ่|(|และ|ระทึก|มาก|)	0
1403394	สุดยอด|!|'|ไทย|'|เฉือน|'|เกาหลีเหนือ|' 2-1|ลิ่ว|8|ทีม|ชิง|แชมป์|เอเชีย|ยู|-19	0
1403406	ฮา|กระจาย|!|'|ปลื้ม|จิตร์|'|แซว|รูป|'|น้อง|เพียว|'|แฟน|ๆ|แท็ก|ทีม|อย่า|แกล้ง|น้อง|(|คลิป|)	0
1403453	5|ภาพ|เด็ด|ส่ง|ตรง|จาก|ญี่ปุ่น|สาย|เอี๊ยม|คบ|ผู้ชาย|มา|6|ปี|แล้ว	0
1403468	อีก|ก้าว|เดียว|.|.|ไป|บอล|โลก|!!	0
1403476	'|โค้ช|หระ|'|ซู|ฮก|หัวใจ|นักสู้|'|ช้าง|ศึก|'|ยู|-19|หลัง|ลิ่ว|8|ทีม|ชิง|แชมป์|เอเชีย	0
1403538	ปลดแอก|“|พระรอง|”	0
1403541	คิด|‘|ท่า|ยาก|’|ไว้|แก้|เกม	0
1403544	จ่อ|หมายจับ|ดี|เจ|โหด|!|ทำร้าย|'|แมว|'	0
1403585	เสี่ย|วิชัย|เจอ|ของ|ดี|!!|จิ้งจอก|สยาม|เตรียม|คว้า|ปีก|ญี่ปุ่น|ราคา|ย่อมเยา	0
1403653	เตรียม|ออก|หมายจับ|‘|ดี|เจ|ซัน|’|ข้อหา|ทารุณ|สัตว์|หลัง|ค้น|ที่พัก|เจอ|หลักฐาน|เด็ด	0
1403665	เปิด|โปรแกรม|น็อก|เอาต์|ยู|-19|ชิง|แชมป์|เอเชีย|อาจ|มี|อาเซียน|3|ทีม|ไป|บอล|โลก	0
1403669	อย่า|ทิ้ง|โอกาส|!!|ย้อน|รอย|อดีต|มี|4|ชาติ|อาเซียน|ไป|บอล|โลก|ยู|-20|ไทย|อกหัก|ตลอด	0
1403722	'|น้อง|เมย์|'|หล่น|ที่|8|'|บาส|-|ปอ|ป้อ|'|อันดับ|โลก|พุ่ง|ลิ่ว|จัด|อันดับ|โลก|BW	0
1403724	วิเคราะห์|จุดแข็ง|-|จุดอ่อน|กาตาร์|ด่าน|สุดท้าย|ไทย|ยู|-19|ผงาด|บอล|โลก|(|คลิป|)	0
1403780	บุคคล|ใน|ข่าว|(|หน้า|4) 27/10/61	0
1403884	ภาพ|ความ|คืบหน้า|การ|สร้าง|ไฮ|สปีด|เทรน|สาย|แรก|ของ|ไทย	0
1403925	'|เต้ย|จรินทร์|พร|'|เขิน|'|อา|เล็ก|'|แซว|แต่งตัว|โป๊|คบ|กัน|ปี|ครึ่ง|ยัง|ต้อง|เรียนรู้|อีก|เยอะ	0
1403986	สังเวย|กี่|ชีวิต|?|นัก|ปั่น|ต่างชาติ|ตาย|ใน|ไทย|ถนน|อันตราย|หรือ|คนขับ|ชุ่ย	0
1404036	‘|สัมพันธ์|’|ลั่น|ไม่|กลัว|กาตาร์|ขอ|พา|‘|ช้าง|ศึก|’|ลุย|บอล|โลก|ให้|ได้	0
1404088	คมนาคม|ยืนยัน|ญี่ปุ่น|ไม่|แคนเซิล|ลงทุน|รถไฟ|ความเร็ว|สูง|กรุงเทพ|ฯ|-|เชียงใหม่	0
1404102	Homestay|รางวัล|ชีวิต|ที่|ยิ่งใหญ่|ที่|ต้อง|ค้นหา|คำตอบ	0
1404169	ญาติ|ซึ้ง|ใจ|เม|สซี่|เจ|ช่วย|ค่า|ทำ|ศพ|แฟน|บอล|ชัยนาท|ว่า|ที่|คุณ|พ่อ|ถูก|รถ|ชน|ดับ	0
1404226	ลุ้น|ไป|บอล|โลก	0
1404236	ไทยพาณิชย์|2|พัน|จุด|!!	0
1404293	เส้นตาย|29|ต.ค.|นี้|หมายจับ|'|ดี|เจ|โหด|'	0
1404328	‘|ชัช|ชุ|อร|’|โชว์|ฝีมือ|ตำ|ส้มตำ|ที่|ญี่ปุ่น|สนิท|กับ|เพื่อน|ร่วม|ทีม|มาก|ขึ้น|(|คลิป|)	0
1404368	หวน|คืน|ยุโรป|!|ฟี|ฟ่า|เลือก|‘|ลิทัวเนีย|’|จัด|ศึก|ฟุต|ซอล|โลก|2020	0
1404392	เด็ก|มัน|จี๊ด|!|สื่อ|ดัง|ยก|‘|ศุภ|ณัฏฐ์|’|ติด|หนึ่ง|ใน|5|แข้ง|สุด|เจ๋ง|ยู|-19|เอเชีย	0
1404406	รักบี้|ตั้ง|เป้า|ลุย|โอลิมปิก|2020|โว|จอง|เหรียญทอง|ซีเกมส์|ทั้ง|ชาย|หญิง	0
1404428	สาย|ตรง|จาก|ต่างแดน|28/10/61	0
1404456	จุด|ประกาย|ฝัน|สู่|เป้าหมาย|โอลิมปิก|2020	0
1404469	สนาม|พระ|28/10/61	0
1404602	นักวิจัย|ไทย|เร่ง|ศึกษา|หา|ทาง|เพาะเลี้ยง|หอยเม่น|หวัง|ได้|เป็น|สัตว์|เศรษฐกิจ	0
1404722	ดาว|ตบ|ทีมชาติ|ญี่ปุ่น|มา|แล้ว|!!|พร้อม|ลุย|ลูกยาง|ไทยแลนด์|ลีก|(|คลิป|)	0
1404733	ที|ของ|"|ไทยแลนด์|"	0
1404925	ทัวร์|จีน|!|หด|ลด|วูบ|วัว|หาย|ที่|ไร้|คอก|ล้อม	0
1404928	จาก|เหตุ|เพื่อ|นำ|ไป|สู่|ผล	0
1404944	จอม|พลัง|ไทย|งาน|หนัก|!|เร่ง|โกย|ผลงาน|ลุ้น|ตั๋ว|ลุย|โอลิมปิก|2020	0
1404969	ทิศทาง|หุ้น|29/10/61	0
1405010	ปลอด|ของ|มึนเมา|ครบ|23|ปี|เก้า|ฉลอง|วัน|เกิด|น่า|เลียนแบบ	0
1405092	จ๊วด|เลย|!|‘|ชนา|คุง|’|แผลงฤทธิ์|ทำ|แอส|ซิสต์|สุด|งาม|ช่วย|ซัป|โป|โร|เก็บ|ชัย|(|คลิป|)	0
1405093	ย้อน|เหตุการณ์|ช็อก|!!|ลือ|อาถรรพณ์|นักธุรกิจ|ไทย|ฮ.|ตก|ต่างแดน	0
1405105	ยัน|ไม่|เกี่ยว|ปม|สอบ|กัปตัน|TG971|เที่ยวบิน|กรุงเทพ|ฯ|-|โอ|ซา|กา|ดีเลย์|กว่า|9|ชม.	0
1405129	สรุป|10|ข่าว|เด่น|รอบ|วัน|28|ต.ค.|61|เวลา|06.00|-18.00|น.|(|คลิป|)	0
1405209	มา|แล้ว|ใหม่|หมด|หัว|จด|ท้าย|!|รุ่น|และ|ราคา|TOYOTA ALL|NEW CAMRY|2019	0
1405266	ไม่|ง่าย|ไม่|ยาก	0
1405289	ประเทศ|กู|มี|ทะลัก|14|ล้าน|วิว|‘|บิ๊ก|โจ๊ก|’|ฟัน|คน|ทำ|คลิป|ผิด	0
1405290	‘|ดี|เจ|ซัน|’|มอบ|ตัว|ตร.|ทารุณ|แมว	0
1405309	บิ๋ม|เก่ง|ไม่|ร้อง|นะ|!|พ่อ|ชัช|ชุ|อร|ให้|กำลังใจ|ลูกสาว|หลัง|ต้อง|ห่างไกล|กัน	0
1405402	19|จอม|พลัง|พร้อม|ลุย|!|เหิน|ฟ้า|ล่า|ทอง|ยก|เหล็ก|โลก|ที่|เติร์กเมนิสถาน	0
1405477	จี๊ด|ครบ|สูตร|!|ชม|ลีลา|'|ชนา|คุง|'|ช่วย|ซัป|โป|โร|เก็บ|ชัย|เหนือ|นา|โกยา|(|คลิป|)	0
1405560	โตโยต้า|มอเตอร์|สปอร์ต|2018|ปิดท้าย|ฤดูกาล|ลุ้น|กัน|มัน|หยด|ทั้ง|4|รุ่น	0
1405568	บุคคล|ใน|ข่าว|(|หน้า|4)|30/10/61	0
1405709	กลิ่น|จาก|ลาเวนเดอร์|ช่วย|ใน|การ|ผ่อนคลาย	0
1405736	'|ช้าง|ศึก|'|ยู|-19|ลัด|ฟ้า|ถึง|ไทย|'|โค้ช|หระ|'|ไข|ก๊อก|ลาออก|ทันที	0
1405784	สถาบัน|วิจัย|จุฬา|ภรณ์|จัด|ประชุม|ด้าน|อินทรีย์|เคมี|ขั้นสูง|ใน|ภูมิภาค|เอเชีย	0
1405885	ย้อน|อดีต|'|เจ้าสัว|วิชัย|'|เคย|เปิดใจ|'|ความ|ฝัน|สุดท้าย|'|อยาก|ทำ|ตอน|เกษีย	0
1405982	ฝาก|ขัง|ดี|เจ|ฆ่า|แมว|ตร.|มี|หลักฐาน|โหด|วิธีการ|ทรมาน|สัตว์	0
1406264	แอปเปิ้ล|-|สีสะ|เหงียน|ไลฟ์|สด|โชว์|แต่งหน้า|แต่|ทำเอา|แฟน|เพจ|โซ|เชีย|ลต๊ก|กะ|ใจ	0
1406321	'|เสธ.|หมึก|'|เผย|นัก|ปั่น|สเปน|-|เยอรมนี|ร่วม|สู้|ศึก|'BMX Thailand|Open 2018'	0
1406388	Suzuk|SWIFT PHENOMENON|ประชัน|สวิฟท์|แต่ง|ชิง|ตั๋ว|ไป|เที่ยว|ญี่ปุ่น	0
1406400	ไฮโซ|โบ|ใหญ่|!|เมีย|ที่ปรึกษา|รัฐมนตรี|ใช้|รถ|หลวง|ตะลอน|ทัวร์|ชิม|ช็อป|เพลิน|?	0
1406476	มหาวิทยาลัย|ระดับ|โลก|จับ|มือ|‘|สจล.|’|เพื่อ|รองรับ|EEC	0
1406546	เจ้าหญิง|อา|ยา|โกะ|เสกสมรส|หนุ่ม|สามัญชน|สละ|ฐานันดร|ศักดิ์|แล้ว	0
1406690	ผู้|สืบทอด	0
1406926	จีน|ห้าม|พลเมือง|ใช้|กัญชา|ใน|แคนาดา	0
1407010	ทางการ|!|'|แก้ว|กัลยา|'|เซ็น|สัญญา|ซบ|ทีม|ลูกยาง|ญี่ปุ่น	0
1407053	SCB|ยก|ระดับ|ผู้ประกอบการ|SME|จับ|มือ|'|อายุ|น้อย|ร้อย|ล้าน|'|สัมมนา|ฟรี|ทั่ว|ปท.	0
1407108	‘|กามา|’|ปืน|ไว|!|ส่ง|แผน|คุม|ช้าง|ศึก|ยู|-23|รอ|แค่|'|บิ๊ก|อ๊อด|'|ไฟ|เขียว	0
1407411	โสมช|บา|จ๊ะ|จ๋า|01/11/61	0
1407453	“|มะเดื่อ|หวาน|ญี่ปุ่น|”|บรรจุ|ถุง|ขาย|คุ้ม	0
1407600	'|อาร์|โต|'|ผลงาน|สุด|แจ่ม|ที่|บุรีรัมย์|พร้อม|ลุย|ศึก|Japan SUPER|GT	0
1407701	ที่มา|ลักยิ้ม|พิฆาต|จิต|สาย|เอี๊ยม|ทั้ง|ตัว|ศัลยกรรม|แค่|จุด|เดีย	0
1407778	ชี้|เป้า|5|คา|เฟ่|บรรยากาศ|ดี|อาหาร|อร่อย|ขนม|เครื่องดื่ม|หน้าตา|ดี|!	0
1407816	เด็ก|ไทย|พร้อม|สู้|ศึก|กอล์ฟ|เยาวชน|โลก|ที่|สนามหลวง|หัว|หิน|1-4|พ.ย.|นี้	0
1407818	มั่น|จัง|!|บู|บู้|เปรี้ยว|ตะลุย|โตเกียว|ตุ๊ก|กี้|พยายาม|ไม่|ข	0
1407836	อยาก|เปิด|แฟรนไชส์|“|คุม|อง|”|ต้อง|ไม่|พลาด|!|งาน|สัมมนา|ผู้|สนใจ|เปิด|ศูนย์|ฯ|ประจำ|ปี|2561	0
1407910	เบล|ล่า|เผย|ฟี|ดแบ็ก|เวียร์|หลัง|ตัวเอง|โพสต์|IG|เปลือย|หลัง|แช่|ออน|เซ็น	0
1408296	'|นุ|ศรา|'|ร่วม|ฉลอง|วัน|เกิด|ดาว|ตบ|ญี่ปุ่น|บรรยากาศ|ชื่นมื่น	0
1408341	มัน|นี่|เอ็กซ์|โป|ลด|แลก|แจก|หนัก	0
1408355	เศรษฐกิจ|ไทย|ไตรมาส|3|แผ่ว	0
1408428	ตี|ฆ้อง|ร้อง|ป่า|วแห่ข|บวน|"|อี|อีซี|"|ปี|2562|ลงทุน|3|แสน|ล้าน|บาท|!	0
1408496	สายไหม|…|ถนน|เชื่อม|โลก	0
1408513	HONDA|IT (JAZZ)|MODULO 2019	0
1408666	รีวิว|9|เมนู|ไทย|โบราณ|'|เปิบ|สำ|รับ|'|ชลบุรี|เหมือน|กิน|ฝีมือ|แม่	0
1408785	ญี่ปุ่น|หัดเยอรมัน|ระบาด|เตือน|คน|ท้อง|เลี่ยง|ไป|หวั่น|ติด|เชื้อ|ลูก|พิ|การ	0
1408791	ฮิสตามีน|กับ|ทูน่า|ซา|ชิ|มิ	0
1408820	“|ส้ม|เด|กา|ปอง|”|ปลูก|เก็บ|ผล|ขาย|ราคา|ดี	0
1408860	ศึก|เกียรติ|เพชร|เวที|ลุม|พิ|นี|'|ซี|อุย|สิงห์|มา|วิน|'|พบ|'|ชู|ทรัพย์|ส.|สละ|ชีพ|'	0
1408881	โปรโมชั่น|ต้น|เดือน|พฤศจิกายน|ช็อป|-|กิน|-|เที่ยว|ราคา|ถูก|!	0
1409131	งดงาม|จริง|นิ|โค|ลีน|อวด|ความพร้อม|สุด|ฤท	0
1409243	จับ|แก๊ง|พริต|ตี้|เปิด|ห้อง|หรู|สไตล์|ญี่ปุ่น|ควง|หนุ่ม|มั่ว|ยา|ฉลอง|คืน|ปล่อย|ผี	0
1409285	พระ|บอก|หลาน|จะ|ให้|โชค|จูงมือ|ย่า|ไป|หยิบ|ลอตเตอรี่|ถูก|รางวัล|ที่|1|รับ|12|ล้าน	0
1409371	บุก|จับ|-|ผับ|หลัง|เขา|‘|ยาเสพติด|’|เกลื่อน|พบ|ฉี่|ม่วง|เป็น|ร้อย|5|เสือ|โดน|เด้ง|ทันที	0
1409431	‘|เจ|แปน|แอร์|ไลน์ส|’|ขอโทษ|นักบิน|เมา|แอ๋|จน|โดน|จับ|ทำ|บิน|ดีเลย์|เป็น|ชั่วโมง	0
1409491	สตม.|ปิด|ล้อม|ปู|พรม|ค้น|238|จุด|รวบ|ต่างชาติ|ผิด|กฎหมาย|ได้|730|ราย|!	0
1409498	ปชป.|เจอ|ตอ|ไพร|มา|รี|เลื่อน|หยั่งเสียง|!	0
1409506	สรุป|10|ข่าว|เด่น|รอบ|ดึก|1-2|พ.ย.|2561|เวลา|18.00-06.00|น.	0
1409508	พนง.|กู|เกิล|ทั่ว|โลก|ผละ|งาน|ประท้วง|ต้าน|ผู้บริหาร|ล่วงละเมิด|ทาง|เพศ	0
1409576	ดัน|เศรษฐกิจ|ไทย|โต|เพิ่ม|2%|ตั้ง|เป้า|กวาด|ทุน|นอก|สะพัด|“|อี|อีซี|”|ปี|ละ|แสน|ล้าน	0
1409633	สมโภช|“230|ปี|วัดโพธิ์|”+|“Money|Expo”|เชียงใหม่	0
1409645	โชว์|ยกทรง|ช่วย|ชีวิต|ป้องกัน|แก๊ส|พิษ|ได้	0
1409873	เทียน|สื่อ|ซาน|ประตู|สวรรค์|แห่ง|.|.|จาง|เจี่ย|เจี้ย	0
1409960	เบล|ล่า|ออก|ตัว|ลง|ภาพ|แช่|ออน|เซ็น|ไม่|โป๊|มั่นใจ|เวียร์|ไม่|หวง|ลุ้น|สิ้น|ปี|ควง|กัน|เที่ยว	0
1410135	ซื้อ|เถอะ|พี่|ขับ|ดี|โคตร|ๆ|!|รีวิว|หลัง|ขับ|TOYOTA|NEW CAMRY|2.5 HV|PREMIUM	0
1410148	Thailand|Biennale KRABI|2018 ‘|สุด|ขอบ|ฟ้า|แห่ง|ดินแดน|มหัศจรรย์|’	0
1410440	หอม|มะลิ|ตัน|ละ|หมื่น|แปด|ภัย|แล้ง|เล่นงาน|อีสาน|ทำ|ผลผลิต|หด|20%	0
1410601	ทัพ|ขน|ไก่|เยาวชน|ไทย|พร้อม|ลุย|ศึก|เวิลด์|จูเนียร์|2018|ที่|แค|นา|คา	0
1410760	‘|คา|เด|สตัม|-|แม็ก|ไกวร์|’|พร้อม|ฟาด|ปาก|ใน|ศึก|ONE:|WARRIOR’S DREAM	0
1410813	ศึก|มวยไทย|7|สี|คู่|ชิง|ชนะเลิศ|มวย|รอบ|ปูน|เสือ	0
1410848	จ่อ|แชมป์|!|‘|คา|ชิ|มา|’|พิชิต|เปอร์|เซ|โปลิส|2-0|ศึก|เอ|เอฟ|ซี|ชปล.|รอบ|ชิง|นัด|แรก	0
1410925	'|เต้ย|-|จรินทร์|พร|'|แพ้|!|ตี๋|ขี้เล่น|'|อา|เล็ก|'	0
1410955	มุกดา|ลง|เรียน|ออกเสียง|เพื่อ|‘|นาง|ทิพย์|’|เขิน|หนัก|ถูก|จับตา|หวาน|ไต้ฝุ่น|นอก|จอ	0
1411031	'|กฤติ|ชัญ|ญา|'|ซิว|แชมป์|โอเวอร์|ออล|ศึก|สวิง|สิงห์|จูเนียร์|เวิลด์|2018	0
1411085	'|ทรู|แบง|ค็อก|ยูไนเต็ด|'|เชือด|บุรีรัมย์|1-0|คว้า|แชมป์|ซีพี|เมจิ|คัพ|2018	0
1411343	‘|โก|เมธ|’|โชว์|เหนือ|!|ซิว|แชมป์|BMX|เยาวชน|ชาย|ไทยแลนด์|โอ|เพ่น	0
1411355	จอม|พลัง|ไทย|ฮอต|!|'|ชยุต|รา|-|โส|ภิ|ตา|'|ซิว|ทอง|เพิ่ม|ยก|น้ำหนัก|ชิง|แชมป์|โลก	0
1411358	เกือบ|จบ|สวย|!|'|ธีร|ศิลป์|'|ทั้ง|ยิง|ทั้ง|จ่าย|แต่|ซาน|เฟรซ|เซ|ฯ|ชวด|ชัย|(|คลิป|)	0
1411555	โสมช|บา|จ๊ะ|จ๋า|05/11/61	0
1411678	รวบ|หนุ่ม|สาว|ชาว|จีน|ฉก|กระเป๋า|เดินทาง|แบรนด์|หรู|จาก|สายพาน|ใน|สุวรรณภูมิ	0
1411720	แกร่ง|เกิน|อายุ|!|‘|แก้ว|’|สร้าง|ประวัติศาสตร์|ผงาด|แชมป์|เค|วัน|สมัย|ที่|4	0
1411868	มา|แล้ว|!!|ชม|คลิป|'|เมส|ซี|เจ|'|ร่าย|ฟอร์ม|สุด|โหด|เกม|'|ซัป|โป|โร|'|เฉือน|ไซ|ตา|มะ	0
1411918	ชม|คลิป|'|บุ๋|มบิ๋ม|'|ตบ|กระหน่ำ|ศึก|ลูกยาง|ที่|ญี่ปุ่น	0
1411951	สวิง|จิ๋ว|ไทย|คว้า|5|แชมป์|กอล์ฟ|เยาวชน|นานาชาติ|ที่|หัว|หิน	0
1412038	จับ|2|โจร|สนามบิน|คน|จีน|ผัว|เมีย|จ้อง|คอย|ฉก|!|กระเป๋า|แพง|ๆ|จาก|‘|สายพาน|’	0
1412125	แฟน|วอลเลย์|แห่|ชื่นชม|‘|นัก|ตบ|สาว|ญี่ปุ่น|’|เล่น|ไทย|ลี|กแมตช์|แรก	0
1412216	‘|น้อง|ฝ้าย|’|ทุบ|สถิติ|โลก|3|ท่า|!|ฉลุย|คว้า|ทอง|ยก|น้ำหนัก|ชิง|แชมป์|โลก	0
1412220	‘|โก|เมธ|’|สุด|เจ๋ง|!|เบิ้ล|แชมป์|BMX|ไทยแลนด์|โอ|เพ่น|พ่วง|นักกีฬา|ยอดเยี่ยม	0
1412275	รีวิว|3|โรล|ออน|แก้|รักแร้|ดำ|ลด|เหงื่อ|ระงับ|กลิ่น|ใต้|วง|แขน|ได้|ผล|!	0
1412518	'|กุ๊|บกิ๊บ|'|แฮป|ปี้|อัป|ดั้ง|ใหม่|ถูกใจ|สา|มี|ชม|'|บี้|'|ดูแล|ดี|แพลน|มี|น้อง|ให้|'|เป่า|เปา|'|ปี|หน้า	0
1412525	ไฟต์|หยุด|โลก|!|'|ฟลอยด์|'|ขึ้น|สังเวียน|ปะทะ|มวย|ดาวรุ่ง|ญี่ปุ่น|31|ธ.ค.|นี้	0
1412581	แต้ว|เคารพ|การ|ตัดสินใจ|ของ|แมท|คบ|สงกรานต์|รับ|เป็น|ห่วง|เพื่อน	0
1412815	เปิด|ไทม์|ไลน์|รัก|สงกรานต์|-|แมท|ก่อน|หย่า|แอฟ|ต้นตอ|ดรา|ม่า|ที่|ทำ|โดน|แหก	0
1412913	ส่อง|ค่าแรง|ขั้นต่ำ|ประเทศ|ใจ|ป๋า|จ่าย|แพง|คน|ไทย|ตาลุ|กวาว|ยอม|ทิ้ง|บ้านเกิด|?	0
1412930	'|นู|รูล|'|เผย|มั่นใจ|มาก|ขึ้น|ซัด|เบิ้ล|เกม|อัด|ชลบุรี|เร่ง|แก้|ข้อบกพร่อง|ที่|เหลือ	0
1412996	นาง|ไหว้|รอบ|ทิศ|!|ชม|คลิป|เซอร์ไพรส์|วัน|เกิด|'|ไม|'|ตบ|สาว|ญี่ปุ่น|ใน|ลีก|ไทย|อบอุ่น|มาก	0
1413205	ทำความ|รู้จัก|‘|โอ|คุ|มู|ระ|ไม|’|นัก|ตบ|ญี่ปุ่น|ฮอต|สุด|ใน|ไทย|เวลา|นี้|!!	0
1413385	'|เสธ.|ยอด|'|แฮป|ปี้|! 4|สาว|ยก|น้ำหนัก|มี|ลุ้น|โควตา|ไป|โอลิมปิก|2020	0
1413390	'|ก้อง|ศัก|ด|'|เผย|ชาวต่างชาติ|แห่|ชื่นชม|มวยไทย|งาน|ท่องเที่ยว|โลก	0
1413443	แฮป|ปี้|เบิร์ธเดย์|!!|แฟน|ลูกยาง|ชาว|ไทย|แห่|อวยพร|วัน|เกิด|'|ชัช|ชุ|อร|'	0
1413468	ชี้|ชม|หมอก|ปีน|ผา|โรย|ตัว|“|เขา|บอ|ฆ๊ะ|”	0
1413475	สวี|ตเบา|ๆ|ฟลุ๊ค|-|จิ|ระ|ควง|แอปเปิ้ล|-|สีสะ|เหงียน|เซอร์ไพรส์|ครบ|รอบ|แต่งงาน	0
1413603	แต้ว|ห่วง|แมท|โดน|โจมตี|เรื่อง|สงกรานต์|ปัด|แอบ|เสริม|อึ๋ม|!|ต้น|เห็น|ภาพ|เซ็กซี่|ร้อง|อื้ม	0
1414251	'|ไทย|ซิน|'|จับ|มือ|ส.|เจริญ|เภสัช|ฯ|บุก|ตลาด|อาหาร|เสริม|สุขภาพ	0
1414255	พึ่ง|"|แจ็ค|หม่า|"|ดึง|จีน|กลับ|ไทย	0
1414356	พึ่ง|ญี่ปุ่น|แก้|รถ|ติด	0
1414416	ไทย|ควร|ฉวย|โอกาส|ส่งออก|รับ|นโยบาย|ใหม่|ผู้นำ|จีน	0
1414455	‘|เบนจามิน|ตัน|’|แจง|เพิ่ม|!|รายละเอียด|โควตา|อาเซียน|ไทย|ลีก|ซี|ซั่น|2019	0
1414541	7|ที่|เที่ยว|"|กาญจนบุรี|"|ล่อง|แพ|เปียก|ชม|ธรรมชาติ|สุด|ฟิน|ใกล้|กรุง|!	0
1414575	บน|ยอด|ภูเขาไฟ|ฟูจิ	0
1414815	รวม|โปรโมชั่น|'11.11'|จัด|เต็ม|วัน|ช็อป|ออนไลน์|เอาใจ|สาว|'|โสด|'	0
1414856	‘|น้อง|เมย์|’|กิน|นิ่ม|!|ต้อน|สาว|อิ|เหนา|2-0|เกม|ฉลุย|ขน|ไก่|ไชนา|โอ|เพ่น	0
1414865	สนุก|แน่|!|'|ไทย|'|ร่วม|สาย|'|เวียดนาม|-|อิน|โด|ฯ|-|บรูไน|'|คัด|เอเชีย|ยู|-23	0
1414896	โตโยต้า|เปิด|ศูนย์|การ|เรียนรู้|ด้าน|สิ่งแวดล้อม|แห่ง|แรก|นอก|โรงงาน	0
1415098	กระบะ|สาย|ดัน|!|TOYOTA HILUX|REVO GR|SPORT|GAZOO|RACING|EDITION	0
1415381	สงคราม|การ|ค้า|โลก|ผ่อนคลาย|เลือกตั้ง|สหรัฐ|ฯ|เดโมแครต|ดับ|ซ่า|นักเลง|โต	0
1415403	ศุกร์|นี้|มี|เฮ|!|‘|บิ|เบีย|โน|-|เบลิง|กอน|’|พร้อม|ดวล|ใน|ศึก|ONE: HEART|O|THE|LION	0
1415495	เชื้อ|ดื้อยา|หาย|ยาก|แรง|ถึง|ตาย|รู้จัก|ป้องกัน|ก่อน|สาย	0
1415508	มิ|ซู|โน่|นำ|ทัพ|ศิลปิน|-|คน|ดัง|ของ|ไทย|ร่วม|มหกรรม|'|โอ|ซา|กา|มาราธอน|2018'	0
1415571	เด็ก|วัย|13|ถูก|แกล้ง|จน|ฆ่าตัวตาย|หลัง|ขัดใจ|รุ่น|พี่|ลา|ไป|เที่ยว|กับ|ครอบครัว	0
1415623	‘|รา|เย|วัช|-|เฉลิม|พงษ์|’|ไม่|ประมาท|‘|ติมอร์|’|ตั้ง|เป้า|คว้า|3|แต้ม|ศึก|อาเซียน	0
1415890	เตือน|คอ|ซู|ชิ|!|ระวัง|พยาธิ|ใน|ปลา|เผลอ|กินตัว|เป็น|ๆ|เสี่ยง|ไช|กระเพาะ	0
1415970	ยัง|ไม่|เลิก|!|'|ชอง|เหว่ย|'|ประกาศ|หวัง|หวน|คอร์|ตแบด|ฯ|อีก|ครั้ง	0
1416148	ส่อ|เค้า|ล่ม|!|ฟลอยด์|เข้าใจ|ผิด|เรื่อง|ขึ้น|ชกมวย|ญี่ปุ่น|วัน|สิ้น|ปี	0
1416526	สมอง|ไม่|แก่|ไม่|จน|มุม	0
1416528	กลุ่ม|บาง|จาก|ฯ|โชว์|ผลงาน|9|เดือน|เยี่ยม|กลั่น|น้ำมัน|สูงสุด|เป็น|ประวัติการณ์	0
1416581	โรงไฟฟ้า|ท่องเที่ยว	0
1416586	งาน|ออกร้าน|ภริยา|ทูต|+|วิน|เทอร์|วัน|เดอร์|แลนด์	0
1416771	ศิลปิน|ชน|เผ่า|จับ|มือ|4|อิน|ฟลู|เอน|เซอร์|สร้าง|สิ่ง|เล็ก|ๆ|ที่|ยิ่งใหญ่|จาก|ดอย|สู่|เมือง	0
1416781	สวรรค์|ฟู้ด|เลิฟ|เวอร์|อร่อย|ทุก|ระดับ|ครบ|ที่|เดียว	0
1416916	ไม่|ได้|สวยหรู|!|แรงงาน|ต่างชาติ|เผย|ด้าน|มืด|โรงงาน|นรก|ญี่ปุ่น|ใช้งาน|เยี่ยง|ทาส	0
1416935	บุฟ|เฟ่ต์|ปิ้ง|ย่าง|สุด|คุ้ม|OKAMI Yakinik|ชลบุรี|เริ่มต้น|359|บาท	0
1417141	ขอโทษ|ที่|พลาด|มง|!|สาย|เอี๊ยม|สวย|สะดุด|หยุด|ที่|Top 15	0
1417293	ยัง|ไม่|ได้|ใจ|!|ส่อง|คอม|เมนต์|ชาว|ไทย|หลัง|ช้าง|ศึก|ถล่ม|7|ลูก|แซะ|ชาติ|ตัวเอง|เพียบ	0
1417368	กลยุทธ์|“|ฟอ|รั่ม|ร่วมมือ|สื่อ|โลก|”|ปาก|ลำโพง|“|หนึ่ง|แถบ|หนึ่ง|เส้นทาง|”	0
1417393	95|ปี|ฮา|จิ|หมา|ตัว|เล็ก|หัวใจ|ยิ่งใหญ่	0
1417405	คืน|แรก|ใน|มอสโก	0
1417433	สาย|ตรง|จาก|ต่างแดน|11/11/61	0
1417460	'|ฐิติ|พันธ์|'|ไม่|มี|หวั่น|!|กร้าว|พร้อม|พิสูจน์|ผลงาน|บน|เวที|เจ|ลีก	0
1417556	ศึก|มวยไทย|7|สี|อาทิตย์|นี้|ชิง|แชมป์|มวยไทย|รุ่น|มินิ|ฟลายเวท|ที่ว่าง	0
1417696	เปิด|แบรนด์|ดัง|สุด|ท็อป|ระดับ|โลก|ณ|"|ไอคอน|สยาม|"|ที่สุด|แห่ง|การ|ช็อป|ปิ้ง	0
1417763	น้อง|ส้ม|คว้า|เหรียญทอง|แดง|ส่งท้าย|ศึก|ยก|น้ำหนัก|โล	0
1417831	ซามูไร|ทีม|ที่|6!|คา|ชิ|มา|ทำได้|บุก|ยัน|ยักษ์|อิหร่าน|0-0|ซิว|แชมป์|ACL|สมัย|แรก	0
1418078	ทิศทาง|หุ้น|12/11/61	0
1418178	ป๋า|มา|แล้ว|!|‘|ฮอน|ดะ|’|เตรียม|ประเดิม|คุม|กัมพูชา|นัด|แรก|ใน|ซู|ซู|กิ|คัพ	0
1418225	ซีพี|เผย|ชื่อ|พันธมิตร|ร่วม|ประมูล|ชิง|ไฮ|สปีด|เทรน|เชื่อม|3|สนามบิน	0
1418268	ตรง|สเปก|!|แมท|ไม่|ติด|หรู|สงกรานต์|เปิด|ตัว|พา|กิน|ข้าว|จาน|ละ|100|ตาม|ห้าง	0
1418473	นักวิ่ง|ปอดเหล็ก|ญี่ปุ่น|คว้า|แชมป์|ฟูล|มาราธอน|นานาชาติ|"|ภูเก็ต|ธอน|2018"	0
1418565	ให้|หญิง|อิหร่าน|ดู|บอล|ได้	0
1418695	ชิง|ดำ|รถไฟ|เชื่อม|3|สนามบิน|“|ซีพี|”|พร้อม|!|จับ|มือ|โขยง|พันธมิตร|ทั่ว|โลก	0
1418716	เลขา|ฯ|ส.|ว่ายน้ำ|รับ|สน|ทาบ|โค้ช|ปลา|ดิบ|นั่ง|แท่น|โค้ช|ทีมชาติ|ไทย	0
1418718	จอม|พลัง|สาว|ไทย|สุ|ดเจ๋ง|!|มี|คะแนน|รวม|เป็น|อันดับ|2|ใน|ศึก|ชิง|แชมป์|โล	0
1418876	บุคคล|ใน|ข่าว|(|หน้า|4)|13/11/61	0
1418941	การ|บิน|ไทย|เปิด|THAI|Shop|สาขา|6|ที่|สยาม|ทา|คา|ชิ|มา|ยะ|ไอคอน|สยาม	0
1418950	ศึก|พี.|เค.|แสน|ชัย|ฟ้า|ใหม่|-|ก้อง|ศักดิ์|-|หยาดฟ้า|-|พยัคฆ์|จิ๋ว|-|ดี	0
1419001	องค์|หญิง|สิริ|วัณ|ณ|วรี|ทรง|ออกแบบ|เม|กอัป|คอล|เลก|ชั่น|พิเศษ|ชิ|เซ|โด้	0
1419181	ซีพี|แข่ง|บี|ที|เอส|ชิง|ดำ|ประมูล|รถไฟ|ความเร็ว|สูง|สัมปทาน|50|ปี	0
1419238	อีก|ก้าว|ของ|ซีพี|“|ศุภ|ชัย|เจียร|วนนท์|”|เปิด|แผน|"|รถไฟ|ความเร็ว|สูง|"	0
1419270	ชาว|เน็ต|แห่|ชื่นชม|ด.ช.|เขมร|ขาย|ของ|ที่ระลึก|พูด|ได้|มาก|ถึง|15|ภาษา|(|คลิป|)	0
1419281	"|อ้อย|บี|เอ็ม|"|อดีต|แม่เล้า|ผู้|โด่งดัง|ยาม|สังขาร|ร่วงโรย|ป่วย|รุม|เร้า|ไม่|มี|เงิน	0
1419323	รวบ|แล้ว|ดร.|เก๊|ตุ๋น|นักธุรกิจ|ญี่ปุ่น|60|ล้าน|ที่แท้|เป็น|ถึง|อดีต|ผอ.	0
1419430	เดิน|มา|ถูก|ทาง	0
1419508	สรุป|10|ข่าว|เด่น|รอบ|ดึก|12-13|พ.ย.|2561|เวลา|18.00-06.00|น.	0
1419528	กัปตัน|กัมพูชา|อึ้ง|‘|ฮอน|ดะ|’|มา|คุม|ทีม|แต่|ตอนนี้|อาการ|หนัก|จ่อ|ร่วง|ซู|ซู|กิ|คัพ	0
1419536	แห่|ซื้อ|ภาพยนตร์|ไทย|ไป|ฉาย|กระหึ่ม|โลก|เปิด|บูธ|ขาย|ที่|สหรัฐ|ฯ|กวาด|440|ล้าน|บาท	0
1419573	บี|ที|เอส|-|ซีพี|ชิง|ไฮ|สปีด|เทรน|ประกาศ|ชื่อ|ผู้ชนะ|พร้อม|เซ็น|สัญญา|ม.ค.|62	0
1419596	บิ๊ก|ต้น|คอนเฟิร์ม|!|เฮด|โค้ช|รักบี้|ไทย|คน|ใหม่|เริ่ม|งาน|1|ธ.ค.	0
1419663	พรีเซนเตอร์|ท่องเที่ยว|คน|ใหม่	0
1419870	มวย|เวที|ราชดำเนิน|เพียงพอ|ว.|วัง|พรม|พบ|สุร|ชัย|ส.|สม|หมาย	0
1400049	ททท.|ลง|ดู|พื้นที่|แก้|ปิด|‘|มา|หยา|’	1
1400308	อดีต|พระเอก|7|สี|เต็ง|หนึ่ง|เผย|วินาที|สารภาพ|กับ|แม่|“|ผม|เป็น|เกย์|”|(|คลิป|)	1
1400348	ขนลุก|!|ตี๋|น้อยใจ|กล้า|จับ|งู|ตัว|เบ้ง|ส่ง|ให้|พ่อ|ราวกับ|เป็น|ของ|เล่น|(|คลิป|)	1
1400514	ระวัง|ขาดทุน	1
1400620	ชาว|ประมง|บาง|สะพาน|เฮ|! '|แมงกะพรุนลอดช่อง|'|สร้าง|รายได้|งาม|3|พันบาทต่อวั	1
1400668	“|ใบ|แปะ|ก๊วย|”|กับ|สรรพคุณ|น่า|รู้	1
1401209	'|บิ๊ก|แดง|'|ย้ำ|ใช้|กลไก|ศูนย์|ดำรง|ธรรม|เคลื่อนที่|เข้าหา|ปชช.|แก้|เดือด|ร้อ	1
1401557	อดีต|นางงาม|ดร.|กัน|ธิ|ชา|เจอ|ต้ม|16|ล้าน	1
1401693	'|ปัท|มา|'|ซู|ฮก|ฟอร์ม|บาส|-|ปอ|ป้อ|หวัง|ขน|ไก่|ไทย|พาเหรด|ชิง|เวิลด์|ไฟนอล	1
1401733	ไกด์|โกง|ค่า|ปรับ	1
1401740	เศรษฐกิจ|จีน|เริ่ม|ป่วย	1
1401780	คน|จีน|แสบ|เปิด|รพ.|เก๊|ใน|ไทย|ตุ๋น|เหยื่อ|เป็น|โรค|ร้าย|โกย|เงิน|รักษา|เกือบ|หมดตัว	1
1401889	ส.|บอล|ดึง|นัก|กายภาพ|ดัง|เสริม|ทีม|สตาฟฟ์|ช้าง|ศึก|ลุย|2|รายการ|ใหญ่	1
1402172	ห่วง|ทุน|จีน|รุก|คืบ|ฮุบ|มหาวิทยาลัย|ไทย	1
1402222	จีน|เปิด|สะพาน|ข้าม|ทะเล|ยาว|สุด|ใน|โลก|เชื่อม|มาเก๊า|-|ฮ่องกง|-|แผ่นดิน|ใหญ่|(|คลิป|)	1
1402610	นำ|งาน|สร้าง|ระดับ|โลก|สู่|‘|พระ|ใหญ่|’|ผา|มังกร|บิน|เมือง|โบราณ|อู่|ทอง	1
1402644	สหรัฐ|ฯ|ประ|ลอง|กำลัง|กดดัน|จีน|ส่ง|เรือรบ|2|ลำ|ผ่านช่องแคบไต้หวั	1
1402718	นัก|หวด|ดาวรุ่ง|สาว|เบลารุส|มือ|12|โลก|ซ้อม|เข้ม|ที่|ทรู|อารี|นา	1
1402952	เคาะ|ลด|ค่าธรรมเนียม|วีซ่า|ศุกร์|นี้|“|สม|คิด|-|วี|ระ|ศักดิ์|”|แก้|ทัวร์|จีน|ห	1
1403140	ดอก|ร้อยละ|160|ต่อ|เดือน|จับ|แก๊ง|เงินกู้|จีน|ซุก|ไทย|ขูดรีด	1
1403238	นักวิทยาศาสตร์|จีน|วิจัย|ภัย|แล้ง|ฉับพลัน|2|ชนิด	1
1403304	มังคุด|เมือง|คอน|ไป|โลด|นายทุน|‘|ตก|เขียว|’|เหมา|สวน|ขาย|จีน|กก.|250	1
1403686	ทั่ว|ไทย|ฝน|ฟ้าคะนอง|'|ภาคใต้|'|หนัก|บาง|แห่ง|กทม.|ร้อยละ|40|ของ|พื้นที่	1
1403850	One|Belt One|Road|กับ|การ|เดินหน้า|ของ|กลุ่ม|ประเทศ|ลุ่ม|แม่น้ำ|โขง|(CLMVT)	1
1403872	พิชัย|ห่วง|ศก.|เริ่ม|ถดถอย|แนะ|'|บิ๊ก|ตู่|'|จี้|4|รมต.|ทำงาน|อย่า|มัว|หาเสียง	1
1403917	จีน|โต้|เจ็บ|โดน|แฉ|ดักฟัง|มือ|ถือ|ทรัมป์|แนะ|ควร|เปลี่ยน|มา|ใช้|หัว|เว่	1
1404337	หนาว|วัน|แรก|อีสาน|เช้า|อากาศ|เย็น|-|ลม|แรง|อุณหภูมิ|ลด|1-3|องศา|คน|กรุง|รอ|ไป|ก่อน	1
1404468	ฟัง|ฮีโร่|พูด|บ้าง|!|'|สม|จิตร|'|ลุก|มา|แร็ป|เรื่อง|ดีๆ|ใน|ไทย|โต้|เพลง|'|ประเทศ|กู|มี|'	1
1404832	อุตุ|ฯ|ชี้|เหนือ|-|อีสาน|เย็น|ตอนเช้า|ตะวันออก|-|ใต้|ยัง|มี|ฝน|ฟ้าคะนอง	1
1404945	สุ|พรีม|ฯ|เจอ|งาน|หิน|!|ลุย|ศึก|ลูกยาง|หญิง|ชิง|แชมป์|สโมสร|โลก|2018	1
1404952	บุก|ตลาด|จีน	1
1405357	อุตุ|ฯ|เผย|30|ต.ค.|ไทย|ตอน|บน|อุณหภูมิ|ลด|3-5|องศา|กทม.|มี|ฝน|ร้อยละ|10	1
1406046	'|เหนือ|-|อีสาน|'|เย็น|ลง|1-3|องศา|'|ตะวันออก|-|ใต้|'|ฝน|ฟ้าคะนอง|บาง|พื้นที่	1
1406192	ผบ.|ตร.|สั่ง|เด้ง|ด่วน|6|ตร.|สภ.|แม่|สอด|เซ่น|ปล่อย|ผู้ต้องหา|จีน|2|ราย|หลบ|หนี	1
1406197	นายก|ฯ|อารมณ์|ดี|ชื่นชม|นศ.|เป่า|แซ็กโซโฟน|เพลง|'|ยาม|เย็น|'|ของ|ร.|9	1
1406292	รถ|ถัง|ช่วย|ดับเพลิง	1
1406885	‘|ตู่|’|ยัน|ปลาย|พ.ย.|-|ต้น|ธ.ค.|ถก|ปลด|ล็อก	1
1407008	ไม่|น่า|เลย|เด็ก|จีน|วัย|13|โผล่|ตัว|จาก|ซัน|รูฟ|หัว|ชน|คาน|กลาง|ถนน|ดับ|อนาถ|(|คลิป|)	1
1407021	ไทย|ตอน|บน|อุณหภูมิ|ลด|ลง|ใต้|มี|ฝน|บาง|พื้นที่|กทม.|เริ่ม|เย็น|ลง|1-2|องศา	1
1407300	มา|ดู|กับ|มาดาม|:|“Rampant”|เปลี่ยน|จาก|รถไฟ|ไป|คลั่ง|ใน|วังหลวง	1
1407366	อาลี|บา|บา|บุก|ค้า|ปลีก|ไทย|เอส|เอ็ม|อี|ไทย|จะ|รอด|สัก|กี่|ราย	1
1407635	ตรวจตรา|ความ|ปลอดภัย	1
1407766	ผกก.|สภ.|แม่|สอด|คน|ใหม่|รับ|ตำแหน่ง|เร่ง|ล่า|2|ผู้ต้องหา|จีน|หลบ|หนี|ควบคุม	1
1408240	แห่|สัมผัส|ลม|หนาว|อุณหภูมิ|ลด|ลง|อีก	1
1408428	ตี|ฆ้อง|ร้อง|ป่า|วแห่ข|บวน|"|อี|อีซี|"|ปี|2562|ลงทุน|3|แสน|ล้าน|บาท|!	1
1408678	ปล่อย|ผู้ต้องหา|จีน|หนี|!	1
1408881	โปรโมชั่น|ต้น|เดือน|พฤศจิกายน|ช็อป|-|กิน|-|เที่ยว|ราคา|ถูก|!	1
1408983	'|ออม|'|ตื่นเต้น|ประเดิม|บท|บู๊|หนัง|จีน|ฟอร์ม|ยักษ์|แย้ม|ปีใหม่|ควง|'|แอมป์|'|เติม|หวาน|ที่|ยุโรป	1
1409131	งดงาม|จริง|นิ|โค|ลีน|อวด|ความพร้อม|สุด|ฤท	1
1409583	'|พิชัย|'|อัด|'|สม|คิด|'|อย่า|ทำลาย|เชื่อมั่น|นายก|ฯ|หลัง|เลือกตั้ง|หน้า|คล้าย|คน|เดิม	1
1409720	สื่อ|ออนไลน์|สับสน|อีก	1
1409755	เห็น|โอกาส|เท่ากับ|เห็น|...|"|ชัยชนะ|"	1
1410215	ใน|วันที่|CSR|มี|คุณค่า|มาก|กว่า|การ|สร้าง|แบรนด์|แต่|คือ|การ|เติบโต|ของ|อุตสาหกรรม|และ|สังคม	1
1410353	รวบ|แก๊ง|เกาหลี|!|ลักลอบ|เปิด|เว็บ|พนัน|ข้าม|ชาติ|เงิน|หมุนเวียน|กว่า|10|ล้าน	1
1410586	ทะเล|คลื่นลม|แรง|มาก|หาด|สมิ|หลา|ปัก|ธง|แดง|ห้าม|เล่น|น้ำ|ตลอด|แนว|ชาย|หา	1
1410700	“|ยก|ซด|ซี|ฟู๊ด|”|สามร้อยยอด|ปูทะเล|...|สุด|ฟิน|เฟร่อร์	1
1410701	สาย|ตรง|จาก|ต่างแดน|04/11/61	1
1410768	ตาม|รอย|ครม.|สัญจร|ภาคเหนือ|กระตุ้น|เศรษฐกิจ|ตรงจุด|หรือไม่	1
1412033	นักท่องเที่ยว|แห่|ขึ้น|เหนือ|-|อีสาน|สัมผัส|‘|ลม|หนาว|’|ตาม|ยอด|ดอย|ดัง	1
1412210	'|บาส|–|ปอ|ป้อ|'|อันดับ|ขยับ|!|จ่อ|คว้า|ตั๋ว|ลุย|ขน|ไก่|เวิลด์|ทัวร์|ไฟนอล|2018	1
1412335	ความหวังใหม่|!|ส.|บอล|ตั้ง|‘|กามา|’|นั่ง|เฮด|โค้ช|ช้าง|ศึก|ยู|-23|ตาม|คาด	1
1412343	สหกรณ์|โค|เนื้อ|ศรีวิชัย|(|พัทลุง|)|สร้าง|งาน|-|รายได้|-|มั่นคง|-|ยั่งยืน	1
1412391	ชอบ|ท้าทาย|!|'|กามา|'|ร่าย|ยาว|หวัง|นำ|ช้าง|ศึก|ยู|-23|พุ่ง|ชน|ความสำเร็จ	1
1412403	สู่|ยุค|ใหม่|!|ช้าง|ศึก|ปรี|อลป.|เรียก|24|นักเตะ|เข้า|แคมป์|ก่อน|ลุย|จีน	1
1412631	‘|กามา|’|เตรียม|ปรับ|ทัศนคติ|ลูก|ทีม|พร้อม|เคลียร์|ใจ|แข้ง|เมิน|รับใช้|ชาติ	1
1413116	เด็กหญิง|ไทย|คว้า|แชมป์|แข่ง|บิน|โด|รน|ที่|เสิ่น|เจิ้น	1
1413211	ไทย|ขน|เงิน|ไป|นอก|4|แสน|ล้าน|ซื้อ|กิจการ|-|ย้าย|ฐาน|ผลิต|ลด|ลงทุน|ตลาดหุ้น	1
1413215	“|สม|คิด|”|บิน|กล่อม|นักลงทุน|แดน|มังกร	1
1413651	ธน|ดล|จันทร|ลาวัณย์|เจ้าของ|โรงเรียน|สอน|ภาษา|ทำ|ใน|สิ่ง|ที่|ชอบ|เป็น|แรงผลักดัน|ให้|ประสบ|ผลสำเร็จ	1
1413991	บุก|จับ|แก๊ง|จีน|ลักลอบ|เปิด|โต๊ะ|พนัน|ออนไลน์|เงิน|หมุนเวียน|วัน|ละ|10|ล้าน|บา	1
1414188	บ.|จีน|สุด|โหด|ให้|พนง.|ดื่ม|ฉี่|-|กิน|แมลงสาบ|ลงโทษ|ยอด|ขาย|ไม่|เข้า|เป้า|(|คลิป|)	1
1414348	เสริม|ด่วน|!|‘|กามา|’|เรียก|ตัว|‘|บัล|ลิ|นี|-|รัตนา|กร|’|เข้า|แคมป์|ช้าง|ศึก|ปรี|อลป.	1
1414815	รวม|โปรโมชั่น|'11.11'|จัด|เต็ม|วัน|ช็อป|ออนไลน์|เอาใจ|สาว|'|โสด|'	1
1414853	ดึง|สติ|!|คน|ทั่ว|โลก|เทคโนโลยี|ไม่|ใช่|ทุก|อย่าง|ของ|ชีวิต|กับ|บทสนทนา|แค่|3|นาที|บน|โต๊ะ|กิน|ข้าว	1
1414856	‘|น้อง|เมย์|’|กิน|นิ่ม|!|ต้อน|สาว|อิ|เหนา|2-0|เกม|ฉลุย|ขน|ไก่|ไชนา|โอ|เพ่น	1
1415040	สั่ง|เลื่อน|ฉาย|ลิขิต|รัก|ข้าม|ดวงดาว|!|ปัด|ไม่|เกี่ยว|ข่าว|ร้อน|"|แมท|-|สงกรานต์|"	1
1415450	‘|กานต์น|รินทร์|’|หวัง|ปรับตัว|ให้|เข้า|กับ|แท็ก|ติก|‘|กามา|’|เร็ว|ที่สุด	1
1415495	เชื้อ|ดื้อยา|หาย|ยาก|แรง|ถึง|ตาย|รู้จัก|ป้องกัน|ก่อน|สาย	1
1415641	โม|โน|แวมไพร์|เตรียม|ลุย|ศึก|อาเซียน|บาสเกตบอล|ลีก|17|พ.ย.|นี้	1
1415835	'|น้อง|เมย์|'|สุด|เฉียบ|!|ทุบ|เจ้าถิ่น|2-0|เกม|ลิ่ว|รอบ|สาม|ไช|น่า|โอ|เพ่น	1
1416088	ฟอร์ม|แรง|!|'|โปร|เม|'|ผงาด|นำ|เดี่ยว|กอล์ฟ|Blue|Bay LPGA	1
1416098	มา|แล้ว|!|'|มาร์|โก|-|รัตนา|กร|'|ตาม|สมทบ|ช้าง|ศึก|ชุด|ปรี|โอลิมปิก	1
1416431	สงคราม|การ|ค้า|สหรัฐ|ฯ|-|จีน|ป่วน|ไทย|โดน|กระทบ|ชิ่ง|ออ|เดอร์|ส่งออก|ยาง|ลด|ฮวบ	1
1416491	ทำ|นาย|ถึง|ทศวรรษ|หน้า	1
1416496	วิธีการ|ทำโทษ|ที่|โคตร|ทุ|เรศ	1
1416940	แผ่ว|ปลาย|!|"|น้อง|เมย์|"|พลิก|พ่าย|จีน|1-2|เกม|อด|เข้า|ตัดเชือก|แบด|ไชนา|ฯ	1
1416976	ซิน|หัว|เปิด|ตัวผู้|ประกาศ|ข่าว|AI|คน|แรก|ของ|โลก|อ่าน|ข่าว|ไม่|มี|เหนื่อย|24|ชม.|วัน	1
1417096	คน|จีน|มา|แล้ว|เช่า|ศูนย์|ประชุม|เชียงใหม่|รับ|สมัคร|สาว|ไทย|ไป|เป็น|หมอ|นว	1
1417251	ฝน|ตกหนัก|บาง|สะพาน|จม|บาดาล|!|หนี|โกลาหล	1
1417318	เชียง|ของ|บูม|!!|'|เทศกาล|ยางพารา|นานาชาติ|'|หนุน|ส่งออก|ปี|ละ|กว่า|3|พัน|ล้าน|บาท	1
1417811	เริ่ม|แล้ว|มหกรรม|ช้อป|ปิ้ง|’11.11’|ที่|จีน|อาลี|บา|บา|โชว์|นวัตกรรม|ล้ำ|ยุค	1
1417991	ชอบ|ของ|แพง	1
1417995	อย่า|ตื่น|ข่าวลือ|พายุ|เทียบ|’|แฮ|เรียต|’|ถล่ม|ใต้|อุตุ|ฯ|ย้ำ|18-19|พ.ย.|ฝน|หนัก	1
1418103	มา|แล้ว|!|ประกาศ|รายชื่อ|23|แข้ง|ช้าง|ศึก|ปรี|โอ|ลิม|ปิกส์|ลุย|ศึก|สี่|เส้า|ที่|จีน	1
1418470	อาลี|บา|บา|ยิ้ม|!|ยอด|ขาย|งาน|ช็อป|ปิ้ง|’11.11’|ครบ|24|ชม.|ทะลุ|1|ล้าน|ล้าน|บาท	1
1418685	บุก|ดู|มหกรรม|ช็อป|11-11|ปี|61|อาลี|บา|บา|ทุบ|ยอด|ขาย|ตั้งแต่|นาที|แรก|จน|ครบ|24|ชม.	1
1418705	'|กามา|'|หวัง|ใช้|ทัวร์|นา|เมนต์|ที่|จีน|ส่อง|ฟอร์ม|ช้าง|ศึก|ปรี|โอ|ลิม|ปิ	1
1419215	ชาว|เมือง|ฉงชิ่ง|แตกตื่น|ตึก|สูง|5|ชั้น|ลอย|ละ|ลิ่ว|ใน|แม่น้ำ|แยง|ซี|(|คลิป|)	1
1419238	อีก|ก้าว|ของ|ซีพี|“|ศุภ|ชัย|เจียร|วนนท์|”|เปิด|แผน|"|รถไฟ|ความเร็ว|สูง|"	1
1419368	สะเทือนใจ|หมา|น้อย|ยัง|นั่ง|รอ|ทุก|เช้า|แม้|เจ้าของ|ตาย|ไป|แล้ว|กว่า|3|เดือน|(|คลิป|)	1
1419598	ม.|กรุงเทพ|ธนบุรี|ใจป้ำ|!|อัดฉีด|นักเตะ|ชุด|แชมป์|ม.|เอเชีย|1|ล้าน|บาท	1
1419663	พรีเซนเตอร์|ท่องเที่ยว|คน|ใหม่	1
1419806	มี|ดี|ต้อง|โชว์|!|'|บัล|ลิ|นี|'|หวัง|ใช้|ความ|สูง|ยก|ระดับ|เกม|รับ|ช้าง|ศึก|ปรี|อลป.	1
1400112	สาย|ตรง|จาก|ต่างแดน|21/10/61	2
1400156	ลด|มัน|เลย|!!!!	2
1400157	ยา|มา|ฮ่า|เปิด|ตัว|2|รุ่น|ใหม่|รุก|เข้ม|R3|และ|MT-15|เฉียบ|เพริศ|เต็ม|พิกัด	2
1400165	โลก|ชื่นชม|ทีม|หมูป่า|แบบอย่าง|เยาวชน|ไม่|อยาก|เด่น|ดัง|แค่|ฝัน|เป็น|นักเตะ|อาชีพ	2
1400169	ทัพ|ไทย|เข้า|เป้า|!|ยูธ|โอลิมปิก|เกมส์|2018	2
1400421	กุนซือ|ลูกยาง|เซอร์เบีย|พูดถึง|การ|คว้า|แชมป์|ลูกยาง|โลก|2018	2
1400512	สรุป|อันดับ|ศึก|วอลเลย์บอล|หญิง|ชิง|แชมป์|โลก|2018	2
1400553	เข้าพรรษา|มา|สงบ|สุข|ทั้ง|กาย|วาจา|ใจ	2
1400650	รับมือ|ก่อน|สาย|!|เมื่อ|คุณ|พ่อ|มือใหม่|ซึม|เศร้า|หลัง|คลอด	2
1400681	สถานการณ์|ของ|2|กล้องโทรทรรศน์|อวกาศ|นาซา	2
1400689	สื่อ|สังคม|ออนไลน์|อาจ|ช่วย|ลด|ภาวะ|ซึม|เศร้า|ได้	2
1400744	อย่า|ลืม|มา|หา|หนู|ยักษ์|คา|ปิ|บา|รา|ย้าย|จาก|เขา|ดิน|มา|สวน|สัตว์|เปิด|เขา|เขียว	2
1400885	0-100|ใน|2|วินาที|AUDI|PB18|e-TRON	2
1400956	รีวิว|ท่องเที่ยว|"|ดา|นัง|"|หรูหรา|ยุโรป|อิน|เอเชีย|ชิค|ชิล|ฟิน|ที่|"|ฮอย|อัน|"|ฉัน|หลง|เธอ	2
1401026	แฮมิลตัน|ยัง|ไม่|แชมป์|โลก|!|‘|ไร|โค|เนน|’|ขัด|ขา|ซิ่ง|ซิว|สนาม|ยูเอส|กรังด์|ปรีซ์	2
1401045	เปรียบเทียบ|อันดับ|ลูกยาง|ชิง|แชมป์|โลก|ปี|2018|กับ|ครั้ง|ที่แล้ว|ไทย|พัฒนา|ขึ้น	2
1401058	กู้|อนุสาวรีย์|ถั่ว|ยักษ์	2
1401061	หยุด|ตา|ลี|บัน|ไม่|อยู่	2
1401125	เรื่อง|“|ทอง|”|ต้อง|“|ทำ|ใจ|”	2
1401190	ข้าว|ไทย|จะ|ไป|ทาง|ไหน	2
1401209	'|บิ๊ก|แดง|'|ย้ำ|ใช้|กลไก|ศูนย์|ดำรง|ธรรม|เคลื่อนที่|เข้าหา|ปชช.|แก้|เดือด|ร้อ	2
1401254	'|สิทธิชัย|'|พร้อม|ฟาด|ปาก|ผู้|ท้าชิง|ป้องกัน|แชมป์|โลก|กลอ|รี|2|พ.ย.|นี้	2
1401270	รัชกาล|ที่|5|กับ|รถยนต์|พระ|ที่นั่ง|คัน|แรก|ของ|ประเทศ|ไทย	2
1401305	เงิน|บริจาค|ช่วย|วิจัย|ยา|สู้|‘|มะเร็ง|’|ทะลุ|33|ล้าน	2
1401389	รอ|เจ|อภิ|มหาเศรษฐี|ลุ้น|ถูก|หวย|'|เม|กะ|มิล|เลียนส์|'  5.2|หมื่น|ล้าน|บาท	2
1401394	เปิด|คฤหาสน์|ปุ๋ย|ภรณ์|ทิพย์|ราคา|1,200|ล้าน|บาท|!|เนื้อที่|3.5|ไร่	2
1401474	เลิก|ผลิต|เครื่อง|ดีเซล|PORSCHE|มุ่ง|พัฒนา|รถไฟฟ้า|เพื่อ|อนาคต	2
1401566	ป้อม|โวย|กระทุ้ง|กกต.|ฟัน|ทักษิณ|ครอบงำ|พรรค	2
1401732	แว่บ|ไป|“|รัสเซีย|”|มา|ครับ	2
1401773	อดีต|พระ|ธรรม|ทูต|ป่วย|อัล|ไซ|เมอร์|พลัด|ตก|คลอง|มรณภาพ	2
1401794	ค้นพบ|เครื่องปั้นดินเผา|สุสาน|เรือ|โบราณ|ที่|กรีซ	2
1401805	พัฒนา|แผ่น|สติกเกอร์|ชีวภาพ|ช่วย|ติดตาม|สุขภาพ	2
1401808	เดิมพัน|แชมป์|!|‘|คา|เด|สตัม|-|แม็ก|ไกวร์|’|คู่|เอก|ONE: WARRIOR’S|DREAM	2
1402206	ทรัมป์|ตัด|เงิน|ช่วย|3|ชาติ|ผู้อพยพ	2
1402372	ผลประโยชน์|ที่|นิรันดร	2
1402473	ได้|เวลา|ลุย|!|'|สิทธิชัย|'|ไป|อเมริกา|เตรียมพร้อม|ป้องกัน|แชมป์|กลอ|รี	2
1402536	หวั่น|น้ำปลา|ไทย|ถูก|แย่ง|ตลาด|หลัง|โดน|สหรัฐ|ฯ|แบน|จน|ร้าน|อาหาร|ไทย|หัน|ใช้|เกลือ	2
1402548	มา|แล้ว|!|เปิด|โปรแกรม|'|เน|ชันส์|ลีก|'|ทั้ง|5|วีก|ของ|'|ตบ|สาว|ไทย|'|ใน|ปี|2019	2
1402549	'|ดาร์|กเว็บ|'|(|ลึกลับ|)|พื้นที่|ระดับ|โลก|ซับซ้อน|ซ่อน|คน|ไม่|ปกติ|BI|เข้าถึง|ยาก	2
1402572	เขต|มรณะ|ใน|มหาสมุทร|เติบโต|ช่วง|ปลาย|ยุค|น้ำแข็ง	2
1402573	โล่ง|กรมประมง|แจง|สหรัฐ|ฯ|ไม่|ได้|แบน|น้ำปลา|ไทย	2
1402588	ราคา|ทองคำ|ถูก|คน|แห่|ซื้อ|ดัน|ยอด|นำเข้า|ทะลุ|3|แสน|ล้าน	2
1402650	ช็อก|!|เวที|มิส|ยูนิเวิร์ส|ถอด|สิทธิ์|ผู้|จัด|ฯ|ไทย|เจ้าตัว|ลั่น|ผู้|ร่วม|ลงทุน|หักหลัง	2
1402710	'|บิ๊ก|ตู่|'|สั่ง|'|พณ.|-|กษ.|'|เคลียร์|ปม|สหรัฐ|ฯ|สั่ง|แบน|น้ำปลา|ไทย|!	2
1402718	นัก|หวด|ดาวรุ่ง|สาว|เบลารุส|มือ|12|โลก|ซ้อม|เข้ม|ที่|ทรู|อารี|นา	2
1402724	เปิด|กฎ|เหล็ก|5|ข้อ|อย.|สหรัฐ|ฯ|แบน|น้ำปลา|ไทย|4|ยี่ห้อ	2
1402900	แจ็ก|พอ|ตแตก|แล้ว|!|หวย|เม|กะ|มิล|เลียนส์|รับ|เงิน|4.9|หมื่น|ล้าน	2
1403000	ก่อ|การ|ร้าย|!|มือมืด|ส่ง|พัสดุ|ระเบิด|5|กล่อง|ถึง|บิ๊ก|เดโมแครต|-|ออฟฟิศ|CNN	2
1403125	สิ้นสุด|การ|รอคอย|!|แอปเปิล|สโตร์|ไอคอน|สยาม|ได้ฤกษ์|เปิด|10|พ.ย.|นี้	2
1403225	กิน|อาหาร|สุขภาพ|ช่วย|ลด|เสี่ยง|มะเร็ง|ลำไส้|ใหญ่	2
1403424	นำ|เดี่ยว|!|'|เบลเยียม|'|ยึด|อันดับ|1|โลก|ไทย|ดี|ขึ้น|รั้ง|ที่|121	2
1403486	ลีลา|สับ|ๆ|ฟาด|ๆ|ของ|จี|จี้|-|เบลล่	2
1403650	งาบ|หัว|ละ|1.5|แสน|!!|อ้าง|พา|นักศึกษา|ฝึกงาน|เมืองนอก|ได้|ค่าจ้าง|ชม.|ละ|460	2
1403662	ช็อก|!|มะ|กัน|จับ|2|เด็กหญิง|สกัด|แผน|ฆ่า|เพื่อน|-|ดื่ม|เลือด|บูชา|ซาตาน	2
1403804	แนะ|วิธี|"|อร่อย|นอก|บ้าน|"|ให้|ปลอดภัย|จาก|...|เบาหวาน	2
1403824	Omeg|เปิด|ตัว|นาฬิกา|Constellation|รุ่น|Manhattan|ยิ่งใหญ่|อลังการ	2
1404002	ลูก|พญา|มังกร|!|ขอ|ทำหน้าที่|แทน|พ่อ|'|หนู|นา|'|หัวหน้าพรรค|'|ชาติ|ไทย|พัฒนา|'|คน|ใหม่	2
1404102	Homestay|รางวัล|ชีวิต|ที่|ยิ่งใหญ่|ที่|ต้อง|ค้นหา|คำตอบ	2
1404428	สาย|ตรง|จาก|ต่างแดน|28/10/61	2
1404460	ปั้น|มนุษย์|เงินเดือน|ให้|เป็น|เสี่ย|วิถี|สตาร์|ตอัพ|ที่|ซัม|ซุง|C-Lab	2
1404757	กระพือ|ยอด|วิว|ท่วม|จอ|ประเทศ|กู|มี|วัน|เดียว|9|ล้า	2
1404842	มะ|กัน|ช็อก|มือปืน|กราด|ยิง|โบสถ์|ยิว|ดับ|11|ศพ|ทรัมป์|เปรย|ให้|‘|ประ|หาร|’	2
1404921	ประเทศ|กู|มี|แร็ป|ต้าน|เผด็จการ	2
1404925	ทัวร์|จีน|!|หด|ลด|วูบ|วัว|หาย|ที่|ไร้|คอก|ล้อม	2
1404945	สุ|พรีม|ฯ|เจอ|งาน|หิน|!|ลุย|ศึก|ลูกยาง|หญิง|ชิง|แชมป์|สโมสร|โลก|2018	2
1404988	แยก|ออก|มา|เป็น|ทรง|สี่เหลี่ยม	2
1404992	ดาว|อังคาร|อาจ|มี|ออกซิเจน|เพียงพอ|ต่อ|สิ่งมีชีวิต	2
1405120	ลอง|ไหม|?|ผุด|เมนู|ใหม่|'|ไข่ปลา|ซัค|เกอร์|'|หรูหรา|น่า|กิน|งม|สด|ๆ|จาก|คลอง	2
1405137	เปิด|ประวัติ|'|วิชัย|ศรี|วัฒน|ประ|ภา|'|กับ|ไลฟ์|สไตล์|และ|ชีวิต|สุด|สำเร็จ	2
1405209	มา|แล้ว|ใหม่|หมด|หัว|จด|ท้าย|!|รุ่น|และ|ราคา|TOYOTA ALL|NEW CAMRY|2019	2
1405317	ฟ้อง|มือปืน|มะ|กัน|29|กระทง|ฆ่า|หมู่|11|ศพ|ใน|โบสถ์|ยิว	2
1405848	'|ซานา|ยา|'|ฟิน|ถูก|บอก|รัก|เต็มหู|เพ้อ|'|บา|รุน|'|ให้|จดหมาย|รัก	2
1405885	ย้อน|อดีต|'|เจ้าสัว|วิชัย|'|เคย|เปิดใจ|'|ความ|ฝัน|สุดท้าย|'|อยาก|ทำ|ตอน|เกษีย	2
1405990	บิน|ดิ่ง|ทะเล|ดับ|189|ศพ|ไล|อ้อน|อิน|โด|ฯ|ทะยาน|13|นาที|!|ขัดข้อง|เทคนิค	2
1406097	ด้าน|มืด|ของ|ดวงจันทร์	2
1406156	วิบาก|กรรม|ใหม่|ยาน|ยนต์|-|สิ่งทอ|ไทย	2
1406197	นายก|ฯ|อารมณ์|ดี|ชื่นชม|นศ.|เป่า|แซ็กโซโฟน|เพลง|'|ยาม|เย็น|'|ของ|ร.|9	2
1406226	ตัว|ท็อป|มา|อีก|หนึ่ง|!|มวย|วัน|ฯ|คว้า|‘|เด|เม|ทริ|อุส|จอห์นสัน|’|เข้า|สังกัด	2
1406249	ไทย|พร้อม|แล้ว|!!|เจ้าภาพ|จัด|ประกวด|มิส|ยูนิเวิร์ส|2018	2
1406260	ภัค|พล|เลี่ยว|ไพ|รัตน์|นาย|น้อย|ที|พี|ไอ|โพ|ลีน|เพาเวอร์	2
1406285	จำลอง|การ|ทดสอบ|ร่างกาย	2
1406306	สอง|กาแล็กซี|บริวาร|ของ|ทางช้างเผือก|มี|การ|ชน|กัน	2
1406361	โรค|เหงือก|อาจ|เชื่อมโยง|กับ|ความ|ดัน|โลหิต|สูง	2
1406476	มหาวิทยาลัย|ระดับ|โลก|จับ|มือ|‘|สจล.|’|เพื่อ|รองรับ|EEC	2
1406488	พี่ชาย|‘|บูม|จิ|รัช|พิ|สิษฐ์|’|เข้า|รับทราบ|ข้อหา|ฟอก|เงิน|คดี|โกง|บิต|คอยน์	2
1406520	รวม|7|ซี|รีส์|-|หนัง|สยอง|ขวัญ|ที่|คุณ|ห้าม|พลาด|ใน|คืน|วัน|ฮา|โล|วี|น|2018	2
1406878	เทเรซา|เมย์|ชม|วิชัย|อยู่|ใน|หัวใจ|ของ|คน|-|มากมาย	2
1407098	‘|พิชัย|’|มี|ลุ้น|นั่ง|รอง|ประธาน|ไอ|บา|รอ|ผล|เลือกตั้ง|ชี้ขาด|ที่|รัสเซีย	2
1407106	ผลงาน|ชัดเจน|!|'|โปร|เม|'|ผงาด|คว้า|รางวัล|นัก|กอล์ฟ|ยอดเยี่ยม|แห่ง|ปี	2
1407411	โสมช|บา|จ๊ะ|จ๋า|01/11/61	2
1407455	'|นคร|มา|ฉิม|'|ดอด|พบ|กงสุล|สหรัฐ|ฯ|ร้องขอ|ตัวแทน|ร่วม|สังเกตการณ์|การ|ลต.|62	2
1407581	‘|ปู|’|แอบ|ขัด|แฟน|ขอ|เซ็กซี่|เอาใจ|หนุ่ม|ๆ|ยอมรับ|‘|แมท|’|หวง|มาก|ไม่|อยาก|มี|ปัญหา	2
1407640	ฝึก|สติ|ช่วย|ลด|เครียด|ใน|การ|ตรวจ|ชิ้น|เนื้อ|เต้านม	2
1407663	เตรียม|สำรวจ|ความ|ลึก|ที่สุด|ใน|มหาสมุทร|5|แห่ง	2
1407673	เก็บตก|ภาพ|น่ารัก|แฟชั่น|'|ฮา|โล|วี|น|'|ลูกคนดังจัดเต็	2
1407906	ผู้อพยพ|ฮอนดูรัส|มุ่งหน้า|สหรัฐ|ฯ|ไปตายดาบหน้าดีกว่	2
1407910	เบล|ล่า|เผย|ฟี|ดแบ็ก|เวียร์|หลัง|ตัวเอง|โพสต์|IG|เปลือย|หลัง|แช่|ออน|เซ็น	2
1407975	ลูกแฝด|แจ็ก|พอต|ธรรมชาติ|หรือ|เทรนด์|ฮิต|จ่าย|ครึ่ง|ล้าน|ภาวะ|แทรกซ้อน|เพียบ	2
1408261	หน่อย|รุก|ฐาน|โคราช|เชื่อมประตูอีสานสู่แหลมฉบั	2
1408385	แอปเปิล|เปิด|ตัว|ผลิตภัณฑ์|แห่ง|อนาคต|"|ไอ|แพด|โปร|"|ใหม่|ถล่ม|ตลาด	2
1408506	ปัจจุบัน|ของ|ซาอุดีอาระเบีย|(1)	2
1408556	บุคคล|ใน|ข่าว|(|หน้า|4)|02/11/61	2
1408671	เอเชีย|หูผึ่ง|!|บิ๊ก|ฟี|ฟ่า|ยัน|เอง|อาจ|เพิ่ม|ทีม|ใน|ฟุตบอล|โลก|ปี|2022	2
1408780	สารเคมี|ใน|ชีวิต|ประจำ|วันที่|คน|ท้อง|ควร|หลีกเลี่ยง|!	2
1408828	ส่อง|กิจกรรม|ภายใน|เนบิวลา|อุ้ง|เท้า|แมว	2
1408838	ค้นพบ|อาวุธ|เก่าแก่|15,500|ปี|ใน|อเมริกาเหนือ	2
1408891	มา|ราย|แค|รี่ย์|เยือน|ไทย|ก่อน|วาง|แผง|อัลบั้ม|ใหม่	2
1409335	ความหวังใหม่	2
1409491	สตม.|ปิด|ล้อม|ปู|พรม|ค้น|238|จุด|รวบ|ต่างชาติ|ผิด|กฎหมาย|ได้|730|ราย|!	2
1409498	ปชป.|เจอ|ตอ|ไพร|มา|รี|เลื่อน|หยั่งเสียง|!	2
1409538	รัฐ|เทนเนสซี|จ่อ|ใช้|เก้าอี้|ไฟฟ้า|ประ|หาร|นักโทษ|ราย|แรก|ใน|รอบ|11|ปี	2
1409621	“|คำ|วิเศษ|”|พูด|เมื่อไหร่|ได้|ใจ|คน	2
1409633	สมโภช|“230|ปี|วัดโพธิ์|”+|“Money|Expo”|เชียงใหม่	2
1409641	เลือกตั้ง|กลาง|เทอม|สหรัฐ|ฯ|พลิก|ผัน|อนาคต|โลก	2
1409645	โชว์|ยกทรง|ช่วย|ชีวิต|ป้องกัน|แก๊ส|พิษ|ได้	2
1409761	นวัตกรรม|ถุง|ขยะ|เพื่อ|คุณภาพ|ชีวิต	2
1409863	ระบาด|ทั่ว|โลก|"|เซล|ฟี|ทิส|"|อาการ|เสพ|ติด|...|เซล|ฟี่	2
1410076	3|รสชาติ|เสี่ยงภัย|'|หวาน|มัน|เค็ม|'|ต้นตอ|โรค|ร้าย|คน|ทำงาน|วัย|30+	2
1410150	ชั่ง|น้ำหนัก|ผ่าน|ฉลุย|!|'|สิทธิชัย|-|จอน|ซีย์|'|พร้อม|ฟาด|ปาก|ศึก|มวย|กลอ|รี	2
1410620	คา|ช็อก|กี|-|ตุรกี|-|ซา|อุ|ฯ	2
1410701	สาย|ตรง|จาก|ต่างแดน|04/11/61	2
1410708	แอปเปิล|จัด|เต็ม|Pad|Pro, Mac|mini, MacBook|Air|ใหม่	2
1410726	เหนือ|กว่า|เยอะ|!|'|สิทธิชัย|'|ไล่|บด|ชนะ|คะแนน|ผู้|ท้าชิง|ป้องกัน|แชมป์|กลอ|รี	2
1410760	‘|คา|เด|สตัม|-|แม็ก|ไกวร์|’|พร้อม|ฟาด|ปาก|ใน|ศึก|ONE:|WARRIOR’S DREAM	2
1411405	คอน|เซปต์|ใหม่|เฮลิคอปเตอร์	2
1411450	สู่|ประเทศ|กัญชา|โลก	2
1411620	แบ|รง|กัส|ลูกผสม|สู้|ร้อน|ทน|หนาว	2
1411656	ยาน|สำรวจ|ดวงอาทิตย์|มอง|ย้อนกลับ|มา|ที่|โลก	2
1411663	ผู้ป่วย|โรค|หัวใจ|ควร|พิจารณา|การ|ฟื้นฟู|หัวใจ	2
1411668	ค้นพบ|หลักฐาน|ทาง|โบราณคดี|จาก|เฮอร์|ริ|เคน	2
1412085	ฝรั่งเศส|รำลึก|100|ปี|สิ้น|สงครามโลก|ครั้ง|ที่|1	2
1412356	โสมช|บา|จ๊ะ|จ๋า|06/11/61	2
1412500	เพราะ|ฟาง|เส้น|สุดท้าย|'|อลงกรณ์|'|เปิดใจ|ทำไม|หาญ|กล้า|ท้า|สู้|ยักษ์|ไม่|ได้|ขู่	2
1412510	ตัว|ช่วย|ใน|การ|กู้ภัย	2
1412528	สัตว์|ไม่|มี|กระดูกสันหลัง|6|ชนิด|ใหม่|ใน|แอฟริกา	2
1412530	เตรียม|ยุติ|การ|ทำงาน|กล้องโทรทรรศน์|เค|ปเลอร์	2
1412531	ฝึก|สุนัข|ให้|ดม|กลิ่น|ค้นหา|ผู้|ติด|เชื้อ|มาลาเรีย	2
1412543	11|ปี|จาก|เพื่อน|มา|เป็น|"|แฟน|"|โอ|ซา|แวง|-|แบงค์|รัก|ครั้ง|นี้|แฮป|ปี้	2
1412653	เปิด|ประวัติ|"|มา|รายห์|แครี|"|ราชินี|อาร์|แอนด์|บี|ของ|โลก	2
1413121	จีน|ชู|เปิด|ตลาด|-|เพิ่ม|สินค้า|นำเข้า	2
1413215	“|สม|คิด|”|บิน|กล่อม|นักลงทุน|แดน|มังกร	2
1413561	ใช้|ฟัน|กราม|แท้|อายุ|250,000|ปี|เป็น|หน้า|ต่าง|สู่|อดีต	2
1413568	มหาสมุทร|โลก|ดูด|ความ|ร้อน|เพิ่ม|ใน|ช่วง|25|ปี|ที่ผ่านมา	2
1413585	แฟชั่น|เซ็กซี่|หยุด|โลก|เอล|ซ่า|ยืน|1	2
1413651	ธน|ดล|จันทร|ลาวัณย์|เจ้าของ|โรงเรียน|สอน|ภาษา|ทำ|ใน|สิ่ง|ที่|ชอบ|เป็น|แรงผลักดัน|ให้|ประสบ|ผลสำเร็จ	2
1413823	สมุย|ลุก|เป็น|ไฟ|ลูกตาล|เปลื้อง|บิกินี|อวด|เซ็กซี่|เล็ก|ๆ|แต่|เนียน|สุด|ๆ	2
1413945	ใกล้|ความจริง|จ่อ|ชง|ครม.|13|พ.ย.|ปลด|ล็อก|กัญชา|-|ลุง|ตู่|ย้ำ|เดิน|ทีละ|ขั้น	2
1414015	เริ่ม|แล้ว|!|มะ|กันชน|หย่อน|บัตร|เลือกตั้ง|กลาง|เทอม|วัด|ความ|นิยม|ทรัมป์	2
1414040	สาว|น้อย|วัย|18|บิด|รอยัล|เอน|ฟิลด์|เรซ|เซอร์|คัส|ตอม|วิ่ง|ทำ|สถิติ|โลก	2
1414126	ปลด|ล็อก|‘|กัญชา|’|ใช้|รักษา|โรค|เริ่ม|มี|หวัง|‘|บิ๊ก|จิน|’|ชง|ครม.|13|นี้	2
1414245	ชุลมุน|!|กู้|ชีพ|ราคา|สินค้า|เกษตร|จ่อ|แทรกแซง|ซื้อ|มะพร้าว|-|ดัน|ราคา|ข้าวโพด|-|ปาล์ม	2
1414248	เอกชน|เสนอ|รัฐ|ฟื้น|กรอ.|หา|เวที|ถก|แก้|ปัญหา|ขับเคลื่อน|เศรษฐกิจ	2
1414271	ทรง|ผสม|"|ค็อกเทล|รส|ลาบ|"|ชู|จุด|ขาย|ไทยแลนด์|วิถี|กิน|วิถี|ถิ่น|ทูลกระหม่อม|ฯ|ชวน|เที่ยว|เมือง|รอง	2
1414580	เพิ่ม|พลัง|ให้|ใช้ได้|ยั่งยืน	2
1414605	ศึกษา|สีสัน|จุด|ด่าง|ของ|ไข่|ไดโนเสาร์|บาง|ชนิด	2
1414606	วิจัย|สตรี|วัย|กว่า|50|ปี|มัก|กลั้น|ปัสสาวะ|ไม่|อยู่	2
1414611	ปะการัง|อาจ|มี|วิวัฒนาการ|ด้าน|กลยุทธ์|ภูมิคุ้มกัน	2
1414876	พ่อ|ลูก|โบ|เชล|ลี|ครอง|ชาร์ต|ฉลอง|60	2
1414886	3|สาร|สกัด|พืช|มหัศจรรย์|เสริม|ความ|งาม|ผู้หญิง|รักษา|สิว|ผิว|ขาว|ใส|!	2
1414908	คน|ไทย|อันดับ|ร่วง|ใช้|ภาษา|อังกฤษ|รั้ง|อันดับ|16|จาก|21|ประเทศ|ใน|เอเชีย	2
1415098	กระบะ|สาย|ดัน|!|TOYOTA HILUX|REVO GR|SPORT|GAZOO|RACING|EDITION	2
1415170	ฉาย|หนัง|วิทย์|ฯ|การ|ปฏิวัติ|อาหาร	2
1415381	สงคราม|การ|ค้า|โลก|ผ่อนคลาย|เลือกตั้ง|สหรัฐ|ฯ|เดโมแครต|ดับ|ซ่า|นักเลง|โต	2
1415531	หล่อ|คลุก|ฝุ่น|!|ORD RANGER|STORM 2019	2
1415541	ประเทศ|กู|มี|...|สาร|พิษ|ฆ่า|!|ลูกหลาน|วัยรุ่น	2
1415550	แก้|ได้|ตรงจุด|สวย|ได้|ตรง|ใจ|กับ|คลินิก|ที่อยู่|คู่|คน|ไทย|มา|กว่า|40|ปี	2
1415606	นักข่าว|CNN|วิวาทะ|เดือด|ทรัมป์|จี้|คำถาม|ใส่|ไม่|ยั้ง|จน|โดน|ห้าม|เข้า|ทำเนียบ|ขาว|(|คลิป|)	2
1415688	โสมช|บา|จ๊ะ|จ๋า|09/11/61	2
1415776	ผล|วิจัย|ใหม่|ย้อนกลับ|ไป|ต้น|กำเนิด|ช็อกโกแลต	2
1415783	เตรียม|ถอดรหัส|ทำ|แผนที่|ยีน|สิ่งมีชีวิต|บน|โลก	2
1415843	รีวิว|Apple ICONSIAM|กับ|5|ความ|ลับ|ที่|ไม่|เคย|มี|ใคร|บอก|คุณ	2
1415951	กู้ภัย|สาย|หล่อ|NISSAN NAVARA|SENTINEL CONCEPT|2019	2
1416163	ทัพ|นักสู้|ไทย|ถึง|สิงคโปร์|พร้อม|ขึ้น|สังเวียน|ทำ|ศึก|ONE:|HEART O|THE|LION	2
1416228	รู|นีย์|คัม|แบ็ก|ปิด|ตำนาน|!|แข้ง|ใหม่|มี|ด้วย|สิงโต|เรียก|หวด|มะ|กัน|-|รอง|แชมป์|โลก	2
1416431	สงคราม|การ|ค้า|สหรัฐ|ฯ|-|จีน|ป่วน|ไทย|โดน|กระทบ|ชิ่ง|ออ|เดอร์|ส่งออก|ยาง|ลด|ฮวบ	2
1416450	ผู้ส่งออก|ร้อง|โดน|โขก|ค่า|ระวาง|เรือ	2
1416491	ทำ|นาย|ถึง|ทศวรรษ|หน้า	2
1416505	สสวท.|ชวน|เด็ก|ไทย|ดู|ภาพยนตร์|วิทยาศาสตร์|เรียนรู้|เรื่อง|สุขภาพ|ผ่าน|ฟิล์ม	2
1416510	Max|ctor|คอสเมติก|แบรนด์|จาก|แอล|เอ|เตรียม|พา|สาว|ไทย|เจิดจรัส|สู่|ความ|งาม|ฉบับ|ฮอลลี|วูด	2
1416546	เลือกตั้ง|ที่|เสรี|-|ยุติธรรม	2
1416558	บุคคล|ใน|ข่าว|(|หน้า|4)|10/11/61	2
1416598	ผู้หญิง|กับ|ผู้นำ|การเมือง	2
1416618	PASTRY|GARDEN|เค้ก|ฟอง|ดอง|...|สุด|น่ารัก	2
1416695	เว่อร์|วัง|อลังการ|โชว์|ร้อน|แรง|วิคตอเรีย|ซี|เครท|2018	2
1416726	โสมช|บา|จ๊ะ|จ๋า|10/11/61	2
1416751	หยุด|!|เอ|เดรีย|นา|ลิมา|เลิก|เดิน|ให้|วิคตอเรีย|ซี|เคร	2
1417405	คืน|แรก|ใน|มอสโก	2
1417433	สาย|ตรง|จาก|ต่างแดน|11/11/61	2
1417501	วาง|“|นิธิ|ธร|”|มือ|ทำงาน|ผบก.|จร|.|แก้|ปัญหา|ใหญ่|รถ|ติด|เมือง|กรุง	2
1417525	ของว่าง|วัน|อาทิตย์|11/11/61	2
1417535	มือ|ปราบ|เชื้อโรค|!!|ศ.|นพ.|อนุชา|อภิ|สาร|ธน|รักษ์|หมอไทย|คน|แรก|คว้า|แพทย์|ดีเด่น|ระดับ|โลก	2
1417713	“|พัลลภ|ปิ่น|มณี|”|ไม่|ติดใจ|ปม|ลูกชาย|ตก|ตึก|ชั้น|8|เชื่อ|เป็น|อุบัติเหตุ	2
1417881	ลูกชาย|‘|พัลลภ|’|ยัง|เติร์ก|ดัง|ดิ่ง|ห้าง|สยอง|!	2
1418010	เลือกตั้ง|กลาง|เทอม|สหรัฐ|ฯ	2
1418160	'|พัลลภ|'|จิตใจ|ย่ำแย่|สูญเสีย|ลูกชาย|คน|โต|เรียน|เก่ง|เตรียม|บิน|ต่อ|ป.|เอก	2
1418283	สาย|ร็อก|ก็|มี|โมเมนต์|ละมุน|!|แบงค์|-|โอ|ซา|แวง|สวีต|หวาน|หลัง|เปิด|ตัว|สถานะ|แฟน	2
1418291	'|พระ|สุ|ธรรม|'|อดีต|แกนนำ|ก|ปปส.|เดิน|ธุดงค์|รอบ|โลก|เผยแผ่|พระพุทธศาสนา	2
1418526	สงฆ์|ไทย|ออก|เดิน|ธุดงค์|สันติภาพ|รอบ|โลก	2
1418590	95.8%|ยัน|ไป|เลือกตั้ง|แน่นอน	2
1418641	“|ผม|หายใจ|ไม่|ออก|”!|สื่อ|เผย|คำพูด|สุดท้าย|‘|คา|ชอก|กี|’|ใน|เทป|เสียง|นาที|ฆ่า	2
1418723	เจ็ต|สกี|บรรจุ|ชิง|8|ทอง|'|เจียง|ฮาย|เกมส์|'|หวัง|ต่อ|ยอด|สู่|เวที|โลก	2
1418773	วิชัย|ศรี|วัฒน|ประ|ภา|โมเดล|เปลี่ยน|ประเทศ	2
1418825	The|Prince Street|Bob™|ทีม|ฮาร์|ลีย์|-|เดวิด|สัน|ซิว|แชมป์|ประกวด|แต่ง|จักรยานยนต์|คัส|ตอม	2
1418843	มาร์ค|ห่วง|เครื่อง|ลง|คะแนน|ประมวล|ล่า|ช้า|-|ฝาก|กกต.|สอบ|ปม|พรรคการเมือง|ฮั้ว	2
1418848	อย่า|ปล่อย|ปาร์ตี้|เซ็กซ์	2
1418868	เฟ|ซบุ๊ก|กับ|การเลือกตั้ง	2
1418876	บุคคล|ใน|ข่าว|(|หน้า|4)|13/11/61	2
1418933	ดวงดาว|ที่|อาจ|เก่าแก่|ที่สุด|อายุ|13,500|ล้าน|ปี|­­­	2
1418936	การศึกษา|พันธุกรรม|หนอนพยาธิ|ครั้ง|ใหญ่|ที่สุด	2
1418956	7|ขั้นตอน|"|ลด|น้ำหนัก|"|สาว|ออฟฟิศ|ผอม|ลง|8|กก.|ภายใน|3|เดือน	2
1419260	กอล์ฟ|พิ|ชญะ|เมิน|ถูก|จับตา|แต่ง|เพลง|ถึง|รัก|เก่า|ขวัญ|อุษา|มณี|(|คลิป|)	2
1419495	ผู้นำ|โลก|รำลึก|100|ปี|WW1-|มาค|รง|ฉะ|“|ชาตินิยม|”	2
1419555	รพ.|เวชธานี|จับ|มือ|GB|Prime|Pay|เปิด|มิติ|การ|จ่าย|เงิน|ด้วย|QR|Cash|Payment	2
1419606	4|ร้าน|อาหาร|ดัง|สำหรับ|สาย|กิน|ดื่ม|สุด|หรู|ที่|คุณ|และ|คน|พิเศษ|ควร|ไป|เช็ก|อิน	2
1419630	1|เดียว|นางแบบ|สาว|สอง|จาก|ไทย|ปะทะ|2|ดาว|ดัง|ฮอลลี|วู	2
1419945	เซ|บาส|เตียน|โสฬส|จินดา|หนุ่ม|ลูกครึ่ง|หัวใจ|ไทย|เชื่อ|ว่า|...|ความสำเร็จ|อยู่|ที่|ทำ|วันนี้|ให้|ดี|ที่สุด	2
1419951	หลักฐาน|แสดง|ระบบ|หายใจ|ใน|สิ่งมีชีวิต|หา|ยาก	2
1419998	“|มา|รายห์|แค|รี่|”|โชว์|สุดยอด|ร่าย|มนตร์|สะกด|คน|ดู	2
1400185	สนาม|พระ|21/10/61	3
1400437	อินทรี|เหล็ก|วิกฤติ|!!	3
1400753	คน|เดียว|ที่|ทำได้|!|‘|โร|นัล|โด|’|ซัด|400|ตุง|คน|แรก|ของ|ยุโรป	3
1401137	ต่างด้าว|ล้วงกระเป๋า	3
1401270	รัชกาล|ที่|5|กับ|รถยนต์|พระ|ที่นั่ง|คัน|แรก|ของ|ประเทศ|ไทย	3
1401356	คลอปป์|จัด|ให้|!|‘|ฟา|บิน|โญ|’|พร้อม|นำ|ทัพ|หงส์|แดง|รับมือ|เซอร์|เว|นา	3
1401557	อดีต|นางงาม|ดร.|กัน|ธิ|ชา|เจอ|ต้ม|16|ล้าน	3
1401564	ใคร|จะ|เหนียว|กว่า|กัน|!!!	3
1402128	จริงจัง|!|หงส์|ส่ง|แมวมอง|ดู|ฟอร์ม|‘|เด|เมียร์|เบย์|’|คืน|นี้|มี|ลุ้น|ได้|ตัว|ต้น|ปี|หน้า	3
1403062	ทรัมป์|จะ|ถอนตัว|จาก|ไอ|เอ็น|เอฟ|(1)	3
1403706	ชนะ|ขึ้น|จ่า|ฝูง|!|'|ลิเวอร์พูล|'|จัด|3|ประสาน|พร้อม|กะซวก|ไส้|'|คาร์ดิฟฟ์|'	3
1403742	จาก|'|คลอปป์|'|ถึง|'|ซา|ลาห์|'|กับ|ผลงาน|ซัด|50|ตุง|เร็ว|สุด|ใน|ประวัติศาสตร์	3
1403782	ส่งท้าย|มหกรรม|หนังสือ|+STILL|ON MY|MIND	3
1403922	ตำนาน|แมน|ฯ|ยู|วิจารณ์|‘|ชา|กิ|รี|’|หลัง|เกม|ถล่ม|เซอร์|เว|นา|แบ่ง|กลุ่ม|ชปล.	3
1403969	ยัง|ตรา|ตรึง|!|‘|ฟิลิป|’|บรรยาย|ถึง|ประตู|แรก|ของ|ตน|ใน|นาม|ทีมชาติ|ไทย	3
1404053	โปรแกรม|การ|แข่งขัน|ฟุตบอล|4|ลีก|ดัง|ยุโรป|27-30|ต.ค.|นี้	3
1404153	คลอปป์|เฉลย|!|ไม่|ใช่|คน|เลือก|‘|ฟาน|ไดค์|’|เป็น|กัปตัน|ทีม	3
1404272	จ่า|ฝูง|รอ|อยู่|!!!	3
1404664	ลัล|ลา|นา|ลงตัว|จริง|!|‘|คลอปป์|’|เปลี่ยน|3|ตำแหน่ง|เกม|ชน|คาร์ดิฟฟ์	3
1404772	แมน|ฯ|ยู|ส่ง|3|ประสาน|ลง|ยิง|เอฟ|เวอร์|ตัน|บิ๊ก|แมตช์พ|รี|เมียร์|ลีก	3
1405568	บุคคล|ใน|ข่าว|(|หน้า|4)|30/10/61	3
1406296	ไม่|ไหว|แล้ว|!|เบ|ซิค|ตัส|จ่อ|ส่ง|คืน|‘|คา|ริ|อุส|’|ให้|ลิเวอร์พูล	3
1406528	ของ|ฟรี|ก็|ชอบ|!|ลิเวอร์พูล|จ่อ|ซิว|แข้ง|สเปน|แบบ|ไร้|ค่าตัว	3
1406597	ละเอียด|ยิบ|!|'|เก|อิ|ตา|'|ร่าย|ยาว|หมดเปลือก|หลัง|ได้|ร่วม|งาน|กับ|'|คลอปป์|'	3
1406641	ประกอบ|ไทย|ราคา|ถูก|ลง|1.1|ล้าน|!|รีวิว|MERCEDES|AMG GLC43|4MATIC COUPE	3
1407643	แกรนด์|มอเตอร์|สปอร์ต|แหล่ง|ช็อป|แห่ง|แรก|ในประเทศ|ไทย|ใจกลาง|เมืองพัทยา	3
1407723	ขุม|กำลัง|ลงตัว|!|เจ้าของ|ลิเวอร์พูล|หวัง|ลุ้น|แชมป์|ฤดูกาล|นี้	3
1407788	นายหน้า|สยบ|ข่าวลือ|!|‘|คา|ริ|อุส|’|จะ|เฝ้า|เสา|เบ|ซิค|ตัส|ครบ|สัญญา	3
1408710	หวั่น|ซ้ำรอย|ชาน|!|‘|มา|เน|’|ยัง|เจรจา|สัญญา|ใหม่|ลิเวอร์พูล|ไม่|ลงตัว	3
1408785	ญี่ปุ่น|หัดเยอรมัน|ระบาด|เตือน|คน|ท้อง|เลี่ยง|ไป|หวั่น|ติด|เชื้อ|ลูก|พิ|การ	3
1409118	ทีม|ขวัญใจ|ผม|!|แข้ง|วัต|ฟอร์ด|ฝัน|ร่วม|งาน|กับ|ลิเวอร์พูล	3
1409190	รอ|ลุ้น|!|‘|ซา|ลาห์|’|เจ็บ|ข้อมือ|อาจ|ชวด|เตะ|อาร์เซนอล	3
1410260	ชัดเจน|นะ|!|ลิเวอร์พูล|ไร้|เงา|2|แข้ง|ดัง|บุก|รัง|อาร์เซนอล	3
1410866	ยัง|จำ|ได้|ดี|เจมส์|โพสต์|ถึง|เด็ก|ผู้|รอดชีวิต|จาก|เครื่องบิน|ตก|เมื่อ|20|ปี|ที่แล้ว	3
1410900	ไอคอน|สยาม|เดิมพัน|ชีวิต|ชฎา|ทิพ|จู|ตระกูล|เชิดชู|อัต|ลักษณ์|ไทย|ฝาก|ไว้|ให้|แผ่นดิน	3
1411461	สาเหตุ|ที่|ผม|ชอบ|“|โขน|”|และ|อยาก|ให้|ไป|ดู|“|พิเภก|”	3
1411645	จาก|ศิลปิน|ที่|รอดชีวิต	3
1412785	กุนซือ|หงส์|แดง|จัด|21|แข้ง|ลุย|ศึก|แชม|เปียนส์|ลีก|ไร้|เงา|'|ชา|กิ|รี|'	3
1413465	ลูบ|เทือก|ด้วย|เลเซอร์	3
1414381	กำลัง|พี|คเลย|!|‘|มา|นู|เอล|’|โว|กระสัน|ช่วย|ช้าง|ศึก|ป้องกัน|แชมป์|อาเซียน	3
1414703	ฟอร์ม|บรรเจิด|!|ยล|โฉม|6|ยักษ์|ใหญ่|ไร้|พ่าย|เกม|ลีก	3
1414938	สื่อ|แนะ|คลอปป์|!|‘|ชา|กิ|รี|-|เก|อิ|ตา|’|ต้อง|ลงตัว|จริง|ปะทะ|ฟู|แลม	3
1416106	แนว|รับ|ลิเวอร์พูล|ป่วน|!|โก|เมซ|เดี้ยง|ส่อ|ชวด|ลง|บู๊|ฟู|แลม	3
1416140	โคตร|โหด|!|สื่อ|ดัง|คาด|11|'|ลิเวอร์พูล|'|เปิด|บ้าน|ดวล|เดือด|'|ฟู|แลม|'	3
1416505	สสวท.|ชวน|เด็ก|ไทย|ดู|ภาพยนตร์|วิทยาศาสตร์|เรียนรู้|เรื่อง|สุขภาพ|ผ่าน|ฟิล์ม	3
1417005	“|คลอปป์|”|ย้ำ|ชัด|! 3|แข้ง|หงส์|แดง|ฟิ|ตปั๋ง|พร้อม|ชน|ฟู|แลม	3
1417651	เปลี่ยน|4|คน|!|“|คลอปป์|”|ปรับ|11|แข้ง|ลิเวอร์พูล|ลง|ขยี้|ฟู|แลม	3
1418193	ช้า|แต่|ชัวร์|!|‘|อ่อง|ธู|’|นำ|ทัพ|เมียน|มา|แบ|โผ|23|ขุนพล|ลุย|ซู|ซู|กิ|คัพ	3
1418225	ซีพี|เผย|ชื่อ|พันธมิตร|ร่วม|ประมูล|ชิง|ไฮ|สปีด|เทรน|เชื่อม|3|สนามบิน	3
1419010	ยก|ให้|เป็น|กรณี|ศึกษา|!|คุณหมอ|เปิด|ภาพ|'|หมา|เยอรมัน|เช|พเพิร์ด|'|มี|แต่|เห็บ|รถ|ถัง	3
1419185	สรุป|10|ข่าว|เด่น|รอบ|วัน|12|พ.ย.|61|เวลา|06.00|-18.00|น.|(|คลิป|)	3
1419355	ค็อป|คิดถึง|บ้าง|นะ|!!|"|คา|ริ|อุส|"|ไม่|กลับ|แล้ว|เตรียม|ย้าย|หนี|ลิเวอร์พูล|ถาวร	3
1419526	แบบ|นี้|ก็|มี|!|กุนซือ|เมียน|มา|ชี้แจง|ดร็อป|'|อ่อง|ธู|'|สตาร์|เบอร์|1|ซู|ซู|กิ|คัพ	3
1419650	บุคคล|ใน|ข่าว|(|หน้า|4)|14/11/61	3
1400146	ไม่|ลืม|ขาย|มะพร้าว|ข้าง|ถนน|โอ|ปอล์|โดน|ตา|เดวิด|เบค|แคม	4
1400218	ส่อง|สไตล์|Dua Lip|เจ้าแม่|แฟชั่น|ตัว|จริง|สะท้อน|ลุค|นักร้อง|นางแบบ|สุด|คูล	4
1400373	เกาหลี|ระดม|จับ|หนัก|'|ผี|น้อย|'|ระ|ส่ำ|แห่|กลับ|ไทย|กว่า|พัน|ค	4
1400437	อินทรี|เหล็ก|วิกฤติ|!!	4
1400494	สรุป|10|ข่าว|เด่น|รอบ|ดึก|ประจำ|วันที่|20-|21|ต.ค.|61|เวลา|18.00-06.00|น.	4
1400512	สรุป|อันดับ|ศึก|วอลเลย์บอล|หญิง|ชิง|แชมป์|โลก|2018	4
1400598	‘|พา|ณิ|ภัค|’|สุดยอด|!|เตะ|แหลก|คว้า|ทอง|เวิลด์|กรังด์|ปรีซ์|ที่|อังกฤษ	4
1400620	ชาว|ประมง|บาง|สะพาน|เฮ|! '|แมงกะพรุนลอดช่อง|'|สร้าง|รายได้|งาม|3|พันบาทต่อวั	4
1400785	ชอบ|เรียนรู้|พี|ค|พร้อม|พุ่ง|ทุก|โอกาส|!	4
1400956	รีวิว|ท่องเที่ยว|"|ดา|นัง|"|หรูหรา|ยุโรป|อิน|เอเชีย|ชิค|ชิล|ฟิน|ที่|"|ฮอย|อัน|"|ฉัน|หลง|เธอ	4
1400993	โพล|ชี้|“|เพ|จตู่|ดิจิทัล|”|หาเสียง|ล่วงหน้า	4
1401045	เปรียบเทียบ|อันดับ|ลูกยาง|ชิง|แชมป์|โลก|ปี|2018|กับ|ครั้ง|ที่แล้ว|ไทย|พัฒนา|ขึ้น	4
1401094	หนัง|ผี|ไทย|ขาย|ดี|ติดอันดับ|โลก	4
1401100	หนังสือ|กับ|การ|อ่าน|และ|สาร|ที่|เปลี่ยน|ไป	4
1401240	จุฬา|ฯ|จัด|เวที|นานาชาติ|ชู|บทบาท|อุดมศึกษา|พัฒนา|ประเทศ|อย่าง|ยั่งยืน	4
1401422	แข้ง|ไทย|พ่าย|ญี่ปุ่น|1-3|ศึก|ยู|-19|เอเชีย|ต้อง|ไป|ลุ้น|เข้ารอบ|กับ|โสม|แดง	4
1401569	ศุภ|ณัฏฐ์|ไม่|ยกธงขาว|!!|ขอ|พา|'|ช้าง|ศึก|U19'|ไป|ฟุตบอล|โลก|ให้|ได้	4
1401729	ขวัญ|-|ลา|ลี|วรรณ|นัก|ขาย|น้ำใจ|งาม|ปัน|กำไร|เป็น|ทุน|การศึกษา|แก่|ลูก|ชาวบ้าน|ผู้ผลิต|สินค้า	4
1401857	ใจ|ละลาย|กรี๊ด|คอ|แตก|!|งาน|แพ็ก|คู่|ไอคอน|&|วินเนอร์|ของ|ดี|วาย|จี	4
1401960	แอน|ควัก|40|ล้าน|ศัลยกรรม|แทบ|ทุก|จุด|เพื่อ|เป็น|ผู้หญิง|เต็มตัว|(|คลิป|)	4
1401997	ปล่อยไก่|ตัว|โต|!|AFC|ขอโทษ|เกาหลีใต้|เปิด|เพลง|ชาติ|ผิด|ก่อน|เกม|ยู|-19	4
1402220	‘|กัน|ตภณ|’|พลิก|ล็อก|อัด|อิ|เหนา|ลิ่ว|รอบ|สอง|ขน|ไก่|เฟรนช์|โอ|เพ่น|ราย|อื่น|ร่วง|เพียบ	4
1402221	'|โค้ช|หระ|'|จัด|เต็ม|!!|เตรียม|ส่ง|'|ศุภ|ณัฏฐ์|'|ยิง|โสม|แดง|มี|เท่าไหร่|ใส่|ไม่|ยั้ง	4
1402349	8|ข้อ|ควร|รู้|อย่า|เพิ่ง|ทำ|ศัลยกรรม|โครง|หน้า|หาก|ยัง|ไม่|ได้|อ่าน|!!	4
1402485	เปิด|โปรโมชั่น|เอาใจ|สาว|ๆ|ขา|ช็อป|ของ|ถูก|ลด|ราคา|เพียบ	4
1402497	บล|ปัล|กัน|โฟร์|ศิลปิน|เกาหลี|อิน|ดี้|จ่อ|แลน|ดิ้ง|เมืองไทย	4
1402548	มา|แล้ว|!|เปิด|โปรแกรม|'|เน|ชันส์|ลีก|'|ทั้ง|5|วีก|ของ|'|ตบ|สาว|ไทย|'|ใน|ปี|2019	4
1402561	พัฒนา|วิธี|ประเมิน|ความ|ร้อน|ใน|ร่างกาย|มนุษย์	4
1402681	ห้าม|หลุด|!|'|โค้ช|หระ|'|เตือน|'|ช้าง|ศึก|ยู|-19'|ต้อง|มี|สมาธิ|เกม|ดวล|เกาหลีเหนือ	4
1402737	'|น้อง|เมย์|'|พิชิต|แคนาดา|2-0|เกม|ลิ่ว|รอบ|2|เฟรนช์|โอ|เพ่น	4
1402750	'|คา|ชิ|มา|'|บุก|เจ๊า|3-3|รวม|2|นัด|ชนะ|6-5|เข้า|ชิง|เอ|เอฟ|ซี|แชม|เปียนส์|ลีก	4
1402920	ปธน.|เกาหลีใต้|ลงนาม|รับรอง|ข้อตกลง|ประ|นี|ประนอม|2|โสม	4
1403032	เข้ม|ต่างด้าว|อยู่|เกิน	4
1403094	บุคคล|ใน|ข่าว|(|หน้า|4) 26/10/61	4
1403125	สิ้นสุด|การ|รอคอย|!|แอปเปิล|สโตร์|ไอคอน|สยาม|ได้ฤกษ์|เปิด|10|พ.ย.|นี้	4
1403282	ส่อง|อาวุธ|ใหม่|คู่|กาย|ลุง|ตู่|ดิจิทัล|เซล|ฟี่|ก็ดี|โพสต์|ได้|กระ|จา	4
1403297	นั่น|ผี|น้อย|หรือเปล่า|!|สาว|เล่า|ประสบการณ์|ติด|ตม.|เกาหลี|พบ|คน|ไทย|โดด|ทัวร์|อื้อ	4
1403394	สุดยอด|!|'|ไทย|'|เฉือน|'|เกาหลีเหนือ|' 2-1|ลิ่ว|8|ทีม|ชิง|แชมป์|เอเชีย|ยู|-19	4
1403468	อีก|ก้าว|เดียว|.|.|ไป|บอล|โลก|!!	4
1403476	'|โค้ช|หระ|'|ซู|ฮก|หัวใจ|นักสู้|'|ช้าง|ศึก|'|ยู|-19|หลัง|ลิ่ว|8|ทีม|ชิง|แชมป์|เอเชีย	4
1403554	2|โสม|ถอน|ตั้ง|ด่าน|เขต|ความ|มั่นคง|ร่วม	4
1403625	กร|วิชญ์|ฮีโร่|ไทย|ยู|-19|รับ|ทุก|เกม|กดดัน|ไม่|มี|อะไร|จะ|เสีย|อีก|นัด|เดียว|ไป|บอล|โลก	4
1403665	เปิด|โปรแกรม|น็อก|เอาต์|ยู|-19|ชิง|แชมป์|เอเชีย|อาจ|มี|อาเซียน|3|ทีม|ไป|บอล|โลก	4
1403669	อย่า|ทิ้ง|โอกาส|!!|ย้อน|รอย|อดีต|มี|4|ชาติ|อาเซียน|ไป|บอล|โลก|ยู|-20|ไทย|อกหัก|ตลอด	4
1403770	มุมมืด|วงการ|บันเทิง|เกาหลี	4
1404036	‘|สัมพันธ์|’|ลั่น|ไม่|กลัว|กาตาร์|ขอ|พา|‘|ช้าง|ศึก|’|ลุย|บอล|โลก|ให้|ได้	4
1404094	ส่อง|ลุ|คเมค|อัพ|3|สาว|คน|ดัง|ใน|ชุด|นักศึกษา|แต่ง|ตาม|ได้|ไม่|ยาก	4
1404205	ตะลึง|!|ศุลกากร|แม่|สอด|จับ|เข็ม|ร้อย|ไหม|พรี|ออ|เดอร์|หนี|ภาษี|มูลค่า|3|ล้าน	4
1404214	'|น้อง|เมย์|'|พ่าย|สาว|จีน|1-2|ร่วง|ขน|ไก่|เฟรนช์|ฯ|บาส|-|ปอ|ป้อ|ลิ่ว|ตัดเชือก	4
1404226	ลุ้น|ไป|บอล|โลก	4
1404460	ปั้น|มนุษย์|เงินเดือน|ให้|เป็น|เสี่ย|วิถี|สตาร์|ตอัพ|ที่|ซัม|ซุง|C-Lab	4
1404561	ศึก|มวยไทย|7|สี|สิงห์|–|เพชร|อัศวิน|–|เมือง|ลพ|–|ดี|กว่า	4
1404592	เคน|-|เต้ย|จับคู่|หวาน|กุ๊กกิ๊ก|ละคร|กลิ่นอาย|เกาหลี|‘|มี|เพียง|รัก|’	4
1404628	คู่ผสม|ไทย|พ่าย|เกาหลีใต้|0-2|เกม|อด|เข้า|ชิง|ศึก|เฟรนช์|โอ|เพ่น|2018	4
1404733	ที|ของ|"|ไทยแลนด์|"	4
1404925	ทัวร์|จีน|!|หด|ลด|วูบ|วัว|หาย|ที่|ไร้|คอก|ล้อม	4
1405292	เฮลิคอปเตอร์|ร่วง|ระเบิด|ไฟ|ลุก|เจ้าสัว|วิชัย|ดับ	4
1405392	ส.|กีฬา|คน|พิ|การ|แจก|เงิน|อัดฉีด|เอเชียน|พารา|เกมส์|1.2|ล้าน|บาท	4
1405396	ยิม|ลีลา|สาว|ไทย|คว้า|ทองแดง|เอเชียน|คัพ|วาง|เป้า|ซิว|ทอง|ซีเกมส์|ต่อ|ทันที	4
1405578	งาน|วิวาห์|จบ|แต่|คน|ไม่|จบ|!|เจ|นี่|ยืนยัน|ไม่|เคย|ได้|ออก|สตางค์|แม้แต่|บาท|เดียว	4
1405736	'|ช้าง|ศึก|'|ยู|-19|ลัด|ฟ้า|ถึง|ไทย|'|โค้ช|หระ|'|ไข|ก๊อก|ลาออก|ทันที	4
1405773	“|ไป|เรียน|เต้น|”	4
1405784	สถาบัน|วิจัย|จุฬา|ภรณ์|จัด|ประชุม|ด้าน|อินทรีย์|เคมี|ขั้นสูง|ใน|ภูมิภาค|เอเชีย	4
1405790	น้ำ|เพชร|ถาม|เหมือน|อั้ม|พัช|รา|ภา|หรือยัง|หลัง|ทำ|ศัลยกรรม|ผ่าน|มา|3|เดือน	4
1405845	'|เอ็ด|ชี|แรน|'|ปัก|หมุด|ทัวร์|คอนเสิร์ต|กรุง|โซล|สิงคโปร์|กรุงเทพ|ฯ	4
1405921	เปิด|อันดับ|กอล์ฟ|หญิง|โลก|!|'|โปร|เม|'|ขยับ|ขึ้น|ผงาด|มือ|1|โลก|โปร|โม|ยัง|นิ่ง	4
1406302	เอาใจ|แฟน|ไทย|ไป|เลย|!|NU'EST W|จัด|คอน|อัง|กอร์|โชว์|ร้องเพลง|ไทย|ชัด|มาก	4
1406400	ไฮโซ|โบ|ใหญ่|!|เมีย|ที่ปรึกษา|รัฐมนตรี|ใช้|รถ|หลวง|ตะลอน|ทัวร์|ชิม|ช็อป|เพลิน|?	4
1406464	อดีต|บอย|แบนด์|ต๊ะ|บี|มิกซ์|ยัง|เตะ|เด่น|ทิ่ม|ตา|แตก|อ	4
1406690	ผู้|สืบทอด	4
1406926	จีน|ห้าม|พลเมือง|ใช้|กัญชา|ใน|แคนาดา	4
1407106	ผลงาน|ชัดเจน|!|'|โปร|เม|'|ผงาด|คว้า|รางวัล|นัก|กอล์ฟ|ยอดเยี่ยม|แห่ง|ปี	4
1407300	มา|ดู|กับ|มาดาม|:|“Rampant”|เปลี่ยน|จาก|รถไฟ|ไป|คลั่ง|ใน|วังหลวง	4
1407471	บุคคล|ใน|ข่าว|(|หน้า|4)|01/11/61	4
1407525	‘|จี|ยอน|’|เปลี่ยน|หน้า|เป็น|‘|แอ๊ด|คาราบาว|’	4
1407530	อำลา|‘|น้อง|ใหม่|ร้าย|บริสุทธิ์|’|หน่อง|แย้ม|‘|แล้ว|เจอ|กัน|’	4
1407708	ดาวรุ่ง|พร้อม|ลุย|!|เวียดนาม|กาง|โผ|25|ขุนพล|ก่อน|บู๊|ซู|ซู|กิ|คัพ	4
1407816	เด็ก|ไทย|พร้อม|สู้|ศึก|กอล์ฟ|เยาวชน|โลก|ที่|สนามหลวง|หัว|หิน|1-4|พ.ย.|นี้	4
1407851	ส่อง|แฟชั่น|หรู|เริด|อลังการ|'Chin|shion week|2018'	4
1407913	เปิด|เคล็ดลับ|สวย|แบบ|สาว|เกาหลี|‘|พัค|ชิน|ฮ|เย|’|กับอิริยาบถสุดน่ารั	4
1408736	พลิก|โฉม|ให้|สุด	4
1408881	โปรโมชั่น|ต้น|เดือน|พฤศจิกายน|ช็อป|-|กิน|-|เที่ยว|ราคา|ถูก|!	4
1408938	'|นิ|วอีสต์|ดับเบิลยู|'|สุด|ปัง|!|คอนเสิร์ต|อัง|กอร์|ที่|พิเศษ|สุด	4
1409148	เท|ควัน|โด|พุ|มเซ่|ไทย|ลุย|งาน|ใหญ่|วาง|เป้า|คว้า|3|ทอง|ชิง|แชมป์|โลก	4
1409285	พระ|บอก|หลาน|จะ|ให้|โชค|จูงมือ|ย่า|ไป|หยิบ|ลอตเตอรี่|ถูก|รางวัล|ที่|1|รับ|12|ล้าน	4
1409491	สตม.|ปิด|ล้อม|ปู|พรม|ค้น|238|จุด|รวบ|ต่างชาติ|ผิด|กฎหมาย|ได้|730|ราย|!	4
1409873	เทียน|สื่อ|ซาน|ประตู|สวรรค์|แห่ง|.|.|จาง|เจี่ย|เจี้ย	4
1409903	‘|กุ๊|บกิ๊บ|’|จมูก|ใหม่|สวย|กว่า|‘|แม่|หนิง|’|‘|น้อง|ณิ|ริน|’|จัด|ให้|แม่|อีก|แล้ว	4
1409978	รวบ|อีก|นับ|100|คน|!|ตม.|เกาหลี|กวาดล้าง|หนัก|บุก|จับ|ผี|น้อย|ไทย|คา|ที่พัก	4
1410190	สรุป|10|ข่าว|เด่น|รอบ|วัน|2|พ.ย.|61|เวลา|06.00|-18.00|น.|(|คลิป|)	4
1410203	ใคร|ไหว|ใจ|พี่|ไม่|ไหว|!|ซูม|9|หนุ่ม|EXO|คัม|แบ็ก|ร้อน|แรง|หล่อ|ทะลุ|เอ็ม	4
1410331	(|สปอยล์ห|นัก|!)|ชวน|ช็อก|!|แฉ|ลึก|ครั้ง|มโหฬาร|หัวใจ|สลาย|ของ|นิป	4
1410353	รวบ|แก๊ง|เกาหลี|!|ลักลอบ|เปิด|เว็บ|พนัน|ข้าม|ชาติ|เงิน|หมุนเวียน|กว่า|10|ล้าน	4
1411031	'|กฤติ|ชัญ|ญา|'|ซิว|แชมป์|โอเวอร์|ออล|ศึก|สวิง|สิงห์|จูเนียร์|เวิลด์|2018	4
1411350	ไม่|ใช่|ปี|ทอง|ของ|เมย์|!|'|โค้ช|เป้|'|ชี้|รัช|นก|ต้องการ|เวลา|เรียก|ความมั่นใจ	4
1411355	จอม|พลัง|ไทย|ฮอต|!|'|ชยุต|รา|-|โส|ภิ|ตา|'|ซิว|ทอง|เพิ่ม|ยก|น้ำหนัก|ชิง|แชมป์|โลก	4
1411400	เวียดนาม|ลง|ล็อก|!|คอนเฟิร์ม|23|ขุนพล|ลุย|ศึก|ชิง|แชมป์|อาเซียน	4
1411608	ไอซ์|ลบ|รูป|คู่|ฮั่น|ใน|ไอ|จี|หลัง|จี|ยอน|รับ|สนิท|ฝ่าย|ชาย	4
1411678	รวบ|หนุ่ม|สาว|ชาว|จีน|ฉก|กระเป๋า|เดินทาง|แบรนด์|หรู|จาก|สายพาน|ใน|สุวรรณภูมิ	4
1411951	สวิง|จิ๋ว|ไทย|คว้า|5|แชมป์|กอล์ฟ|เยาวชน|นานาชาติ|ที่|หัว|หิน	4
1412038	จับ|2|โจร|สนามบิน|คน|จีน|ผัว|เมีย|จ้อง|คอย|ฉก|!|กระเป๋า|แพง|ๆ|จาก|‘|สายพาน|’	4
1412096	โสม|แดง|ขู่|หวน|พัฒนา|นิวเคลียร์|ฉุน|มะ|กัน|ไม่|เลิก|คว่ำบาตร	4
1412356	โสมช|บา|จ๊ะ|จ๋า|06/11/61	4
1412418	เคราะห์|ซ้ำ|กรรม|ซัด|!|โรงงาน|นรก|เกาหลี|หลอก|ผี|น้อย|ทำงาน|แต่|ไม่|จ่าย|เงิน	4
1412631	‘|กามา|’|เตรียม|ปรับ|ทัศนคติ|ลูก|ทีม|พร้อม|เคลียร์|ใจ|แข้ง|เมิน|รับใช้|ชาติ	4
1412913	ส่อง|ค่าแรง|ขั้นต่ำ|ประเทศ|ใจ|ป๋า|จ่าย|แพง|คน|ไทย|ตาลุ|กวาว|ยอม|ทิ้ง|บ้านเกิด|?	4
1412930	'|นู|รูล|'|เผย|มั่นใจ|มาก|ขึ้น|ซัด|เบิ้ล|เกม|อัด|ชลบุรี|เร่ง|แก้|ข้อบกพร่อง|ที่|เหลือ	4
1413116	เด็กหญิง|ไทย|คว้า|แชมป์|แข่ง|บิน|โด|รน|ที่|เสิ่น|เจิ้น	4
1413376	ปัด|ทิ้ง|ศพ|!|การ|บิน|ไทย|โต้|ดรา|ม่า|TG|656|จอด|ฉุกเฉิน|ฮ่องกง|นำ|คน|ป่วย|หนัก|ส่ง|รพ.	4
1413490	ฮือฮา|ขึ้น|ทุก|ปี	4
1413493	บุคคล|ใน|ข่าว|(|หน้า|4)|07/11/61	4
1414465	ปูด|!|อ้าง|หญิง|สกุล|ดัง|หลอก|ช่วย|หลุด|แบล็กลิสต์|ตม.|เกาหลี|ได้|เชิด|เงิน|หลาย|แสน	4
1414836	11|เดือน|11|รู้จัก|ที่มา|วัน|'|คน|โสด|'|ทำไม|ต้อง|พิเศษ|?	4
1414865	สนุก|แน่|!|'|ไทย|'|ร่วม|สาย|'|เวียดนาม|-|อิน|โด|ฯ|-|บรูไน|'|คัด|เอเชีย|ยู|-23	4
1414876	พ่อ|ลูก|โบ|เชล|ลี|ครอง|ชาร์ต|ฉลอง|60	4
1415298	โสม|ขาว|ขอโทษ|แล้ว|ทหาร|ข่มขืน|ผู้หญิง|ต้าน|รัฐ|ประ|หาร|ที่|กวาง|จู|ปี|80	4
1415381	สงคราม|การ|ค้า|โลก|ผ่อนคลาย|เลือกตั้ง|สหรัฐ|ฯ|เดโมแครต|ดับ|ซ่า|นักเลง|โต	4
1415398	สาว|ไทย|อ้าง|ถูก|ทำร้าย|หลัง|ช่วย|ห้าม|ชาย|เกาหลี|เมา|พยายาม|ปล้ำ|หมอ|นวด	4
1416088	ฟอร์ม|แรง|!|'|โปร|เม|'|ผงาด|นำ|เดี่ยว|กอล์ฟ|Blue|Bay LPGA	4
1416116	จี|ยอน|งง|ดรา|ม่า|ได้|ไง|?|ไม่|ได้|สนิท|ไอซ์|ส่วนตัว|รู้|แค่|เลิก|ฮั่น|นา|นแล้	4
1416321	โสม|แดง|เลื่อน|ถก|มะ|กัน|-|ทรัมป์|หวัง|พบ|คิม|ปี|หน้า	4
1416371	สรุป|10|ข่าว|เด่น|รอบ|ดึก|8-9|พ.ย.|2561|เวลา|18.00-06.00|น.	4
1416560	คาด|ญาติ|นำ|ศพ|ผู้โดยสาร|เสีย|ชีวิต|ที่|ฮ่องกง|ระหว่าง|บิน|ไป|โซล|กลับ|ไทย|คืน|นี้	4
1416581	โรงไฟฟ้า|ท่องเที่ยว	4
1416586	งาน|ออกร้าน|ภริยา|ทูต|+|วิน|เทอร์|วัน|เดอร์|แลนด์	4
1416935	บุฟ|เฟ่ต์|ปิ้ง|ย่าง|สุด|คุ้ม|OKAMI Yakinik|ชลบุรี|เริ่มต้น|359|บาท	4
1417111	รวม|ดาว|ฮอ|ตเว่อร์|เปิด|ตัว|ไอคอน|สยาม|อลังการ|มาก	4
1417293	ยัง|ไม่|ได้|ใจ|!|ส่อง|คอม|เมนต์|ชาว|ไทย|หลัง|ช้าง|ศึก|ถล่ม|7|ลูก|แซะ|ชาติ|ตัวเอง|เพียบ	4
1417368	กลยุทธ์|“|ฟอ|รั่ม|ร่วมมือ|สื่อ|โลก|”|ปาก|ลำโพง|“|หนึ่ง|แถบ|หนึ่ง|เส้นทาง|”	4
1417376	ผี|น้อย|ไม่|รอด|!|พบ|แท็กซี่|เกาหลี|เป็น|สาย|เรียก|ตร.|รวบ|'|แรงงาน|ไทย|ผิด|กฎหมาย|'	4
1417623	‘|ซอ|จี|ยอน|’|เคลียร์|ดรา|ม่า|ฉก|‘|ฮั่น|’|จาก|เพื่อน|เลิฟ|‘|ไอซ์|’	4
1417648	เก็บตก|แฟชั่น|เซ|เล|บริ|ตี้|ทั่ว|โลก|ร่วม|งาน|เปิด|ตัว|"ICONSIAM"	4
1417763	น้อง|ส้ม|คว้า|เหรียญทอง|แดง|ส่งท้าย|ศึก|ยก|น้ำหนัก|โล	4
1418225	ซีพี|เผย|ชื่อ|พันธมิตร|ร่วม|ประมูล|ชิง|ไฮ|สปีด|เทรน|เชื่อม|3|สนามบิน	4
1418453	'|สุ|พรีม|'|ประกาศ|ปล่อยตัว|ตบ|เซเนกัล|จอม|เก๋า|แล้ว|!!|สาวก|ข้องใจ|เพียบ	4
1418695	ชิง|ดำ|รถไฟ|เชื่อม|3|สนามบิน|“|ซีพี|”|พร้อม|!|จับ|มือ|โขยง|พันธมิตร|ทั่ว|โลก	4
1418713	ขน|ไก่|ดาวรุ่ง|ไทย|ตบ|สิงคโปร์|3-0|คู่|คว้า|อันดับ|9|ใน|ศึก|ชิง|แชมป์|โลก	4
1418806	เปิด|ดวง|ความ|รัก|19 - 25|พ.ย.|61|หมอ|มีน|สกรีน|ดวง|เลิฟ	4
1418876	บุคคล|ใน|ข่าว|(|หน้า|4)|13/11/61	4
1419015	ช็อต|เด็ด|!|ซอ|คัง|จุน|จูบ|กง|ซึง|ยอน	4
1419181	ซีพี|แข่ง|บี|ที|เอส|ชิง|ดำ|ประมูล|รถไฟ|ความเร็ว|สูง|สัมปทาน|50|ปี	4
1419238	อีก|ก้าว|ของ|ซีพี|“|ศุภ|ชัย|เจียร|วนนท์|”|เปิด|แผน|"|รถไฟ|ความเร็ว|สูง|"	4
1419270	ชาว|เน็ต|แห่|ชื่นชม|ด.ช.|เขมร|ขาย|ของ|ที่ระลึก|พูด|ได้|มาก|ถึง|15|ภาษา|(|คลิป|)	4
1419573	บี|ที|เอส|-|ซีพี|ชิง|ไฮ|สปีด|เทรน|ประกาศ|ชื่อ|ผู้ชนะ|พร้อม|เซ็น|สัญญา|ม.ค.|62	4
1419806	มี|ดี|ต้อง|โชว์|!|'|บัล|ลิ|นี|'|หวัง|ใช้|ความ|สูง|ยก|ระดับ|เกม|รับ|ช้าง|ศึก|ปรี|อลป.	4
1419885	ได้|แฝด|ชาย|-|หญิง|ป๊อก|-|ภัสสร|กรณ์|ไม่|ขอ|อะไร|เยอะ|ขอ|“|ดั้ง|-|ตา|”|เหมือน|แม่|!!	4
